symbol,inclusive_hits,target_cpu_percent,exclusive_hits,base
ntdll.dll!***unknown***,41641,96.10644387001477,0,0x00058d20
kernel32.dll!***unknown***,41641,96.10644387001477,0,0x0002fd63
"laneflow-urban-harness.exe!std::sys::backtrace::__rust_begin_short_backtrace<void (*)(),tuple$<> >",32979,76.11475258493353,0,0x0000a200
laneflow-urban-harness.exe!std::rt::lang_start_internal,32979,76.11475258493353,0,0x00315080
laneflow-urban-harness.exe!std::rt::lang_start::closure$0<tuple$<> >,32979,76.11475258493353,0,0x0000a3d0
laneflow-urban-harness.exe!main,32979,76.11475258493353,0,0x00009ac0
laneflow-urban-harness.exe!laneflow_urban_harness::short_prefix::run,32979,76.11475258493353,0,0x0005ee00
laneflow-urban-harness.exe!laneflow_urban_harness::main,32979,76.11475258493353,0,0x00006770
laneflow-urban-harness.exe!__scrt_common_main_seh,32979,76.11475258493353,0,0x003416f0
laneflow-urban-harness.exe!laneflow_urban_harness::runner::Harness::advance,32130,74.15528064992614,90,0x00123bf0
laneflow-urban-harness.exe!laneflow_urban_harness::observe::state,12889,29.747507385524372,2278,0x0006b490
laneflow-urban-harness.exe!laneflow_runtime::kernel::state::WorldState::step,9399,21.692669867060562,0,0x00243d60
laneflow-urban-harness.exe!laneflow_runtime::facade::TrafficWorld::step,9399,21.692669867060562,0,0x00203ba0
laneflow-urban-harness.exe!std::sys::thread::windows::impl$0::new::thread_start,8662,19.99169128508124,0,0x0031bf10
"laneflow-urban-harness.exe!std::sys::backtrace::__rust_begin_short_backtrace<laneflow_runtime::kernel::execution::impl$4::start::closure$2::closure_env$0,tuple$<> >",8662,19.99169128508124,0,0x00235800
laneflow-urban-harness.exe!rayon_core::registry::WorkerThread::wait_until_cold,8662,19.99169128508124,1,0x00357280
laneflow-urban-harness.exe!rayon_core::registry::ThreadBuilder::run,8662,19.99169128508124,0,0x00284cd0
"laneflow-urban-harness.exe!core::ops::function::FnOnce::call_once<std::thread::lifecycle::spawn_unchecked::closure_env$1<laneflow_runtime::kernel::execution::impl$4::start::closure$2::closure_env$0,tuple$<> >,tuple$<> >",8662,19.99169128508124,0,0x00202c60
laneflow-urban-harness.exe!laneflow_runtime::kernel::tick::MotionTaskView::vehicle_motion_outcome,8269,19.084656573116693,1846,0x0022cd40
laneflow-urban-harness.exe!laneflow_runtime::kernel::phase::StepWorkspace::prepare_commit,7985,18.42919128508124,3,0x002133a0
laneflow-urban-harness.exe!laneflow_runtime::kernel::phase::StepWorkspace::stage_vehicle_transitions,7291,16.827455686853767,2027,0x0021a730
"laneflow-urban-harness.exe!rayon_core::scope::ScopeBase::execute_job_closure<rayon_core::scope::impl$0::spawn::closure$0::closure_env$0<laneflow_runtime::kernel::execution::impl$4::try_for_each_chunk::closure$0::closure_env$0<laneflow_runtime::kernel::tick::VehicleMotionOutcome,laneflow_runtime::kernel::tick::prepare_motion_dispatched::closure_env$0> >,tuple$<> >",6501,15.00415435745938,74,0x001fe2a0
"laneflow-urban-harness.exe!rayon_core::job::impl$6::execute<rayon_core::scope::impl$0::spawn::closure_env$0<laneflow_runtime::kernel::execution::impl$4::try_for_each_chunk::closure$0::closure_env$0<laneflow_runtime::kernel::tick::VehicleMotionOutcome,laneflow_runtime::kernel::tick::prepare_motion_dispatched::closure_env$0> > >",6501,15.00415435745938,0,0x00236d80
laneflow-urban-harness.exe!laneflow_runtime::kernel::phase::StepReadView::calculate_active_vehicle_motion,5665,13.07468611521418,1207,0x00217710
laneflow-urban-harness.exe!laneflow_urban_harness::observe::Hash::flush,5537,12.779265140324963,415,0x00069b70
laneflow-urban-harness.exe!sha2::sha256::x86_sha::compress,4899,11.306776218611521,4888,0x002fe520
"laneflow-urban-harness.exe!hashbrown::map::HashMap<laneflow_runtime::kernel::handle::VehicleHandle,enum2$<laneflow_runtime::kernel::parking::ParkingBinding>,std::hash::random::RandomState,alloc::alloc::Global>::get<laneflow_runtime::kernel::handle::VehicleHandle,enum2$<laneflow_runtime::kernel::parking::ParkingBinding>,std::hash::random::RandomState,alloc::alloc::Global,laneflow_runtime::kernel::handle::VehicleHandle>",4180,9.647341211225998,4171,0x002373c0
laneflow-urban-harness.exe!laneflow_runtime::facade::TrafficWorld::parking_binding,3993,9.215749630723781,799,0x00203720
laneflow-urban-harness.exe!laneflow_urban_harness::observe::counts,3369,7.775572378138848,606,0x0006e920
laneflow-urban-harness.exe!laneflow_runtime::kernel::tick::prepare_motion_dispatched,2941,6.787758493353028,426,0x00232e10
"laneflow-urban-harness.exe!enum2$<laneflow_runtime::kernel::execution::ExecutionResources>::try_for_each_chunk<laneflow_runtime::kernel::tick::VehicleMotionOutcome,laneflow_runtime::kernel::tick::prepare_motion_dispatched::closure_env$0>",2226,5.137555391432792,36,0x001ff900
laneflow-urban-harness.exe!laneflow_urban_harness::observe::events,1999,4.613644756277695,677,0x0006ee80
"laneflow-urban-harness.exe!laneflow_runtime::kernel::execution::run_dispatch_chunk<enum2$<laneflow_runtime::kernel::conflict_tick::CandidateReport>,laneflow_runtime::kernel::conflict_tick::impl$6::prepare_conflict_candidates_dispatched::closure_env$2>",1837,4.23975258493353,45,0x00202110
"laneflow-urban-harness.exe!core::hash::BuildHasher::hash_one<std::hash::random::RandomState,ref$<laneflow_runtime::kernel::handle::RouteHandle> >",1806,4.168205317577548,625,0x0005e200
laneflow-urban-harness.exe!laneflow_runtime::kernel::conflict_tick::ConflictTaskView::evaluate_candidate,1757,4.05511447562777,192,0x0022e540
laneflow-urban-harness.exe!laneflow_urban_harness::observe::Hash::id,1592,3.6742983751846383,209,0x000698c0
laneflow-urban-harness.exe!laneflow_urban_harness::observe::Hash::bytes,1549,3.575055391432792,203,0x000699d0
laneflow-urban-harness.exe!std::hash::random::impl$4::write,1485,3.427344903988183,1484,0x00062d00
laneflow-urban-harness.exe!laneflow_urban_harness::runner::Harness::execute,1470,3.392725258493353,22,0x00126820
"laneflow-urban-harness.exe!core::slice::sort::unstable::ipnsort<tuple$<u32,u64,u64,laneflow_urban_harness::runner::IndividualId>,bool (*)(ref$<tuple$<u32,u64,u64,laneflow_urban_harness::runner::IndividualId> >,ref$<tuple$<u32,u64,u64,laneflow_urban_harness::runner::IndividualId> >)>",1418,3.2727104874446087,0,0x00053ba0
"laneflow-urban-harness.exe!core::slice::sort::unstable::quicksort::quicksort<tuple$<u32,u64,u64,laneflow_urban_harness::runner::IndividualId>,bool (*)(ref$<tuple$<u32,u64,u64,laneflow_urban_harness::runner::IndividualId> >,ref$<tuple$<u32,u64,u64,laneflow_urban_harness::runner::IndividualId> >)>",1417,3.2704025110782866,597,0x0005cab0
laneflow-urban-harness.exe!laneflow_runtime::kernel::tick::si_comfort_travel,1416,3.2680945347119645,1348,0x00231200
"laneflow-urban-harness.exe!rayon_core::scope::ScopeBase::execute_job_closure<rayon_core::scope::impl$0::spawn::closure$0::closure_env$0<laneflow_runtime::kernel::execution::impl$4::try_for_each_chunk::closure$0::closure_env$0<enum2$<laneflow_runtime::kernel::conflict_tick::CandidateReport>,laneflow_runtime::kernel::conflict_tick::impl$6::prepare_conflict_candidates_dispatched::closure_env$2> >,tuple$<> >",1399,3.22885893648449,0,0x001fda20
"laneflow-urban-harness.exe!rayon_core::job::impl$6::execute<rayon_core::scope::impl$0::spawn::closure_env$0<laneflow_runtime::kernel::execution::impl$4::try_for_each_chunk::closure$0::closure_env$0<enum2$<laneflow_runtime::kernel::conflict_tick::CandidateReport>,laneflow_runtime::kernel::conflict_tick::impl$6::prepare_conflict_candidates_dispatched::closure_env$2> > >",1399,3.22885893648449,0,0x00236c60
laneflow-urban-harness.exe!laneflow_urban_harness::observe::parking_invariants,1349,3.11346011816839,206,0x0006a6a0
laneflow-urban-harness.exe!laneflow_runtime::kernel::phase::StepReadView::gate_policy_decision_with_signals,1049,2.4210672082717872,464,0x002188e0
laneflow-urban-harness.exe!laneflow_runtime::kernel::occupancy::OccupancyIndex::leader_relation,1004,2.317208271787297,1002,0x0022c6f0
laneflow-urban-harness.exe!laneflow_runtime::kernel::conflict::ConflictRead::owner_at,853,1.9687038404726735,850,0x0024f180
"laneflow-urban-harness.exe!enum2$<core::option::Option<laneflow_runtime::kernel::tick::MotionPreview> >::or_else<laneflow_runtime::kernel::tick::MotionPreview,laneflow_runtime::kernel::conflict_tick::impl$9::evaluate_candidate::closure_env$8>",828,1.9110044313146233,31,0x002280d0
laneflow-urban-harness.exe!laneflow_runtime::kernel::occupancy::rebuild_occupancy_index,795,1.834841211225997,366,0x00234560
"laneflow-urban-harness.exe!core::slice::sort::shared::smallsort::small_sort_general<tuple$<u32,u64,u64,laneflow_urban_harness::runner::IndividualId>,bool (*)(ref$<tuple$<u32,u64,u64,laneflow_urban_harness::runner::IndividualId> >,ref$<tuple$<u32,u64,u64,laneflow_urban_harness::runner::IndividualId> >)>",786,1.8140694239290989,740,0x00142df0
laneflow-urban-harness.exe!laneflow_runtime::kernel::phase::StepReadView::scope_near_gate,775,1.788681683899557,663,0x00227850
laneflow-urban-harness.exe!laneflow_runtime::kernel::tick::leader_query_horizon,765,1.7656019202363369,601,0x002322a0
laneflow-urban-harness.exe!laneflow_urban_harness::research_quality::Quality::observe,657,1.5163404726735599,271,0x00068030
ntkrnlmp.exe!***unknown***,644,1.4863367799113738,0,0x007441d8
laneflow-urban-harness.exe!laneflow_runtime::facade::TrafficWorld::vehicle,639,1.4747968980797637,638,0x002041a0
laneflow-urban-harness.exe!laneflow_runtime::kernel::phase::CommittedStateMut::commit,601,1.3870937961595273,412,0x00215300
laneflow-urban-harness.exe!laneflow_runtime::kernel::waiting::prepare_waiting_previews_dispatched,599,1.3824778434268834,313,0x00233f90
ntkrnlmp.exe!***unknown***,594,1.3709379615952733,0,0x00733575
ntkrnlmp.exe!***unknown***,594,1.3709379615952733,0,0x0073351f
ntkrnlmp.exe!***unknown***,594,1.3709379615952733,0,0x00431bb5
ntkrnlmp.exe!***unknown***,592,1.3663220088626293,0,0x002eb5b3
ntkrnlmp.exe!***unknown***,590,1.3617060561299852,0,0x00733deb
ntdll.dll!***unknown***,574,1.3247784342688331,9,0x00099f43
"laneflow-urban-harness.exe!rayon_core::scope::ScopeBase::execute_job_closure<rayon_core::scope::impl$0::spawn::closure$0::closure_env$0<laneflow_runtime::kernel::execution::impl$4::try_for_each_chunk::closure$0::closure_env$0<laneflow_runtime::kernel::tick::WaitingPreviewEntry,laneflow_runtime::kernel::waiting::prepare_waiting_previews_dispatched::closure_env$0> >,tuple$<> >",566,1.306314623338257,36,0x001fdd10
"laneflow-urban-harness.exe!rayon_core::job::impl$6::execute<rayon_core::scope::impl$0::spawn::closure_env$0<laneflow_runtime::kernel::execution::impl$4::try_for_each_chunk::closure$0::closure_env$0<laneflow_runtime::kernel::tick::WaitingPreviewEntry,laneflow_runtime::kernel::waiting::prepare_waiting_previews_dispatched::closure_env$0> > >",566,1.306314623338257,0,0x00236cf0
"laneflow-urban-harness.exe!alloc::vec::spec_from_iter_nested::impl$1::from_iter<enum2$<core::option::Option<laneflow_runtime::kernel::vehicle::VehicleState> >,core::iter::adapters::map::Map<core::slice::iter::Iter<laneflow_urban_harness::runner::Individual>,laneflow_urban_harness::runner::impl$2::advance::closure_env$1> >",563,1.299390694239291,189,0x0001b720
ntkrnlmp.exe!***unknown***,560,1.292466765140325,0,0x00730d84
ntkrnlmp.exe!***unknown***,558,1.2878508124076808,0,0x002ec07c
"laneflow-urban-harness.exe!laneflow_urban_harness::runner::Harness::measure_command<enum2$<core::result::Result<enum2$<core::result::Result<laneflow_runtime::kernel::vehicle::VehicleReplaceRecord,enum2$<laneflow_runtime::kernel::error::ReplaceError> > >,enum2$<laneflow_urban_harness::Error> > >,laneflow_urban_harness::runner::impl$2::execute::closure_env$2>",526,1.2139955686853767,0,0x0011d690
laneflow-urban-harness.exe!laneflow_runtime::kernel::state::WorldState::replace_completed_vehicle,524,1.2093796159527326,278,0x00242c40
laneflow-urban-harness.exe!laneflow_runtime::facade::TrafficWorld::replace_completed_vehicle,524,1.2093796159527326,0,0x00203ae0
ntdll.dll!***unknown***,495,1.1424483013293945,1,0x00045807
"laneflow-urban-harness.exe!enum2$<laneflow_runtime::kernel::execution::ExecutionResources>::try_for_each_chunk<enum2$<laneflow_runtime::kernel::conflict_tick::CandidateReport>,laneflow_runtime::kernel::conflict_tick::impl$6::prepare_conflict_candidates_dispatched::closure_env$2>",489,1.1286004431314622,2,0x001fe880
laneflow-urban-harness.exe!laneflow_runtime::kernel::phase::StepReadView::waiting_preview_entry,442,1.020125553914328,219,0x00217320
laneflow-urban-harness.exe!laneflow_urban_harness::observe::red_waiters,439,1.013201624815362,220,0x00069ed0
laneflow-urban-harness.exe!laneflow_runtime::kernel::conflict_tick::evaluate_gate_hop,426,0.9831979320531757,67,0x00230e60
"laneflow-urban-harness.exe!core::hash::BuildHasher::hash_one<std::hash::random::RandomState,ref$<enum2$<laneflow_runtime::kernel::parking::ParkingTarget> > >",414,0.9555022156573116,149,0x0005e380
"laneflow-urban-harness.exe!laneflow_urban_harness::runner::Harness::measure_command<enum2$<core::result::Result<laneflow_runtime::kernel::parking::ParkingLeaveRecord,enum2$<laneflow_runtime::kernel::error::ParkingError> > >,laneflow_urban_harness::runner::impl$2::execute::closure_env$4>",405,0.9347304283604135,0,0x0011d8f0
laneflow-urban-harness.exe!laneflow_runtime::kernel::state::WorldState::leave_parking,403,0.9301144756277696,0,0x00247970
laneflow-urban-harness.exe!laneflow_runtime::facade::TrafficWorld::leave_parking,403,0.9301144756277696,0,0x002049b0
laneflow-urban-harness.exe!laneflow_runtime::kernel::phase::StepReadView::hop_permitted,398,0.9185745937961596,43,0x00217280
laneflow-urban-harness.exe!laneflow_runtime::kernel::state::WorldState::validate_leave_followers,382,0.8816469719350074,126,0x00249a70
ntdll.dll!***unknown***,363,0.8377954209748892,1,0x00046b34
laneflow-urban-harness.exe!laneflow_static_network::relations::SharedRelationClosure::vehicle_profile,360,0.8308714918759232,359,0x0028c760
ntkrnlmp.exe!***unknown***,354,0.8170236336779911,0,0x00385da8
ntkrnlmp.exe!***unknown***,352,0.8124076809453471,0,0x0038732e
ntkrnlmp.exe!***unknown***,348,0.803175775480059,0,0x0073f53f
ntkrnlmp.exe!***unknown***,344,0.7939438700147711,0,0x002b04f5
ntkrnlmp.exe!***unknown***,343,0.791635893648449,0,0x002b0700
ntkrnlmp.exe!***unknown***,339,0.782403988183161,0,0x0072f5ae
ntkrnlmp.exe!***unknown***,339,0.782403988183161,0,0x0072f56a
ntkrnlmp.exe!***unknown***,339,0.782403988183161,0,0x002b1269
nvlddmkm.sys!***unknown***,336,0.7754800590841949,0,0x00dd1892
dxgkrnl.sys!***unknown***,336,0.7754800590841949,0,0x0002ce24
dxgmms2.sys!***unknown***,333,0.7685561299852289,0,0x0001faf8
laneflow-urban-harness.exe!laneflow_runtime::kernel::phase::StepReadView::conflict_passage_occurrence_locator,329,0.759324224519941,328,0x00219100
laneflow-urban-harness.exe!alloc::raw_vec::RawVecInner<alloc::alloc::Global>::finish_grow<alloc::alloc::Global>,328,0.7570162481536189,1,0x00342320
ntdll.dll!***unknown***,326,0.7524002954209749,0,0x000758da
ntkrnlmp.exe!***unknown***,318,0.7339364844903988,0,0x0021306b
laneflow-urban-harness.exe!laneflow_runtime::facade::TrafficWorld::conflict_reservation,307,0.7085487444608567,82,0x002038b0
ntkrnlmp.exe!***unknown***,306,0.7062407680945347,0,0x0097ffd7
ntkrnlmp.exe!***unknown***,305,0.7039327917282127,0,0x00730d5c
"laneflow-urban-harness.exe!serde_core::ser::Serializer::collect_seq<ref_mut$<serde_json::ser::Serializer<ref_mut$<alloc::vec::Vec<u8,alloc::alloc::Global> >,serde_json::ser::CompactFormatter> >,ref$<alloc::vec::Vec<enum2$<serde_json::value::Value>,alloc::alloc::Global> > >",305,0.7039327917282127,18,0x00082810
ntkrnlmp.exe!***unknown***,304,0.7016248153618907,0,0x00980f74
ntdll.dll!***unknown***,302,0.6970088626292467,0,0x00169724
ntdll.dll!***unknown***,302,0.6970088626292467,0,0x00062c29
ntdll.dll!***unknown***,302,0.6970088626292467,0,0x00044f80
"laneflow-urban-harness.exe!alloc::raw_vec::RawVec<enum2$<serde_core::private::content::Content>,alloc::alloc::Global>::grow_one<enum2$<serde_core::private::content::Content>,alloc::alloc::Global>",298,0.6877769571639586,0,0x00344970
ntkrnlmp.exe!***unknown***,293,0.6762370753323486,0,0x00306ad9
ntkrnlmp.exe!***unknown***,287,0.6623892171344166,0,0x00730be3
laneflow-urban-harness.exe!laneflow_runtime::kernel::conflict_tick::ConflictTaskView::prepare_resource_candidate_task,280,0.6462333825701625,66,0x0022fe30
ntkrnlmp.exe!***unknown***,276,0.6370014771048744,0,0x0054bb7c
ntkrnlmp.exe!***unknown***,275,0.6346935007385525,0,0x004851c1
laneflow-urban-harness.exe!laneflow_static_network::policy::PolicyView::gate,274,0.6323855243722304,92,0x002897b0
dxgkrnl.sys!***unknown***,272,0.6277695716395865,0,0x0002757e
nvlddmkm.sys!***unknown***,271,0.6254615952732644,0,0x000b6dd0
ntkrnlmp.exe!***unknown***,270,0.6231536189069424,0,0x0054c06f
dxgkrnl.sys!***unknown***,269,0.6208456425406204,0,0x000250d9
nvlddmkm.sys!***unknown***,267,0.6162296898079763,0,0x000b707d
dxgmms2.sys!***unknown***,264,0.6093057607090103,0,0x0001fd28
ntkrnlmp.exe!***unknown***,256,0.5908419497784343,0,0x00981504
ntkrnlmp.exe!***unknown***,256,0.5908419497784343,0,0x00204613
laneflow-urban-harness.exe!laneflow_runtime::kernel::tables::occupancy_front_gap,256,0.5908419497784343,256,0x00261f50
ntdll.dll!***unknown***,254,0.5862259970457903,0,0x0006378d
nvlddmkm.sys!***unknown***,252,0.5816100443131462,0,0x00dd0ba0
laneflow-urban-harness.exe!laneflow_runtime::kernel::tables::for_each_admission_interval<laneflow_runtime::kernel::occupancy::visit_occupancy_records::closure_env$0<laneflow_runtime::kernel::occupancy::rebuild_occupancy_index::closure_env$1> >,245,0.5654542097488922,244,0x0025e360
nvlddmkm.sys!***unknown***,244,0.5631462333825702,0,0x00dd170b
ntkrnlmp.exe!***unknown***,244,0.5631462333825702,0,0x009808d5
ntkrnlmp.exe!***unknown***,244,0.5631462333825702,0,0x00214e86
nvlddmkm.sys!***unknown***,243,0.5608382570162481,0,0x000df8ee
ntkrnlmp.exe!***unknown***,243,0.5608382570162481,0,0x0021508d
"laneflow-urban-harness.exe!enum2$<laneflow_runtime::kernel::execution::ExecutionResources>::try_for_each_chunk<laneflow_runtime::kernel::tick::WaitingPreviewEntry,laneflow_runtime::kernel::waiting::prepare_waiting_previews_dispatched::closure_env$0>",243,0.5608382570162481,14,0x001fee30
laneflow-urban-harness.exe!laneflow_runtime::kernel::boundary::consume,236,0.544682422451994,235,0x0025d550
ntkrnlmp.exe!***unknown***,229,0.52852658788774,0,0x002b22cb
ntdll.dll!***unknown***,226,0.521602658788774,0,0x0007678d
"laneflow-urban-harness.exe!alloc::collections::btree::map::BTreeMap<alloc::string::String,enum2$<serde_json::value::Value>,alloc::alloc::Global>::insert<alloc::string::String,enum2$<serde_json::value::Value>,alloc::alloc::Global>",223,0.514678729689808,39,0x00083940
ntkrnlmp.exe!***unknown***,212,0.48929098966026585,0,0x002d5479
ntkrnlmp.exe!***unknown***,211,0.4869830132939439,0,0x00443e99
ntkrnlmp.exe!***unknown***,210,0.48467503692762187,0,0x002a50cf
laneflow-urban-harness.exe!laneflow_runtime::kernel::state::WorldState::rebuild_active_order,209,0.48236706056129985,209,0x0023e5e0
ntkrnlmp.exe!***unknown***,206,0.4754431314623338,0,0x002a5439
"laneflow-urban-harness.exe!alloc::collections::btree::map::impl$0::drop<alloc::string::String,enum2$<serde_json::value::Value>,alloc::alloc::Global>",202,0.4662112259970458,2,0x00088b10
"laneflow-urban-harness.exe!serde_json::value::ser::impl$0::serialize<ref_mut$<serde_json::ser::Serializer<ref_mut$<alloc::vec::Vec<u8,alloc::alloc::Global> >,serde_json::ser::CompactFormatter> > >",201,0.46390324963072377,84,0x0007cce0
"laneflow-urban-harness.exe!core::ptr::drop_glue<alloc::collections::btree::map::IntoIter<alloc::string::String,enum2$<serde_json::value::Value>,alloc::alloc::Global> >",200,0.46159527326440175,7,0x000798b0
laneflow-urban-harness.exe!laneflow_runtime::kernel::phase::StepReadView::conflict_eligibility_valid_with_signals,195,0.4500553914327917,73,0x002192a0
laneflow-urban-harness.exe!laneflow_urban_harness::observe::passage,185,0.42697562776957165,22,0x000767f0
laneflow-urban-harness.exe!laneflow_static_network::relations::SharedRelationClosure::maneuver_gate,183,0.4223596750369276,182,0x0028c5d0
laneflow-urban-harness.exe!laneflow_static_network::policy::PolicyView::gate_classes,182,0.4200516986706056,181,0x00289350
laneflow-urban-harness.exe!laneflow_urban_harness::runner::Harness::stable_individual,179,0.4131277695716396,147,0x00122000
"laneflow-urban-harness.exe!serde_json::ser::to_writer<ref_mut$<std::io::buffered::bufwriter::BufWriter<std::fs::File> >,enum2$<serde_json::value::Value> >",178,0.4108197932053176,9,0x00052280
ntkrnlmp.exe!***unknown***,175,0.40389586410635153,0,0x00257e56
ntkrnlmp.exe!***unknown***,166,0.3831240768094535,0,0x002a4bd4
ntkrnlmp.exe!***unknown***,165,0.38081610044313147,0,0x00259f38
laneflow-urban-harness.exe!laneflow_runtime::kernel::conflict::ConflictRead::reservation,163,0.37620014771048743,49,0x0024db50
ntkrnlmp.exe!***unknown***,160,0.36927621861152143,0,0x0037360c
ntkrnlmp.exe!***unknown***,157,0.3623522895125554,0,0x002a5360
Kernelbase.dll!***unknown***,157,0.3623522895125554,0,0x000d52a5
ntkrnlmp.exe!***unknown***,156,0.36004431314623336,0,0x002e6676
laneflow-urban-harness.exe!laneflow_runtime::kernel::tick::apply_travel_mm<laneflow_runtime::kernel::tick::impl$4::calculate_active_vehicle_motion::closure_env$4>,156,0.36004431314623336,149,0x00228820
"laneflow-urban-harness.exe!alloc::collections::btree::map::entry::VacantEntry<alloc::string::String,enum2$<serde_json::value::Value>,alloc::alloc::Global>::insert_entry<alloc::string::String,enum2$<serde_json::value::Value>,alloc::alloc::Global>",156,0.36004431314623336,36,0x00135310
ntkrnlmp.exe!***unknown***,155,0.3577363367799114,0,0x00a4c596
"laneflow-urban-harness.exe!core::hash::BuildHasher::hash_one<std::hash::random::RandomState,ref$<u32> >",155,0.3577363367799114,114,0x0005e6d0
vcruntime140.dll!***unknown***,153,0.35312038404726737,152,0x0001c4ea
ntkrnlmp.exe!***unknown***,152,0.35081240768094535,0,0x00394fb1
ntkrnlmp.exe!***unknown***,152,0.35081240768094535,0,0x0026e9d1
"laneflow-urban-harness.exe!serde_json::ser::to_vec<alloc::vec::Vec<enum2$<serde_json::value::Value>,alloc::alloc::Global> >",151,0.34850443131462333,0,0x0011f140
laneflow-urban-harness.exe!laneflow_runtime::kernel::conflict_tick::ConflictTaskView::collect_occurrence_fields,151,0.34850443131462333,53,0x0022f5f0
"laneflow-urban-harness.exe!hashbrown::map::HashMap<laneflow_runtime::kernel::handle::VehicleHandle,tuple$<>,std::hash::random::RandomState,alloc::alloc::Global>::insert<laneflow_runtime::kernel::handle::VehicleHandle,tuple$<>,std::hash::random::RandomState,alloc::alloc::Global>",151,0.34850443131462333,28,0x001519f0
dxgmms2.sys!***unknown***,149,0.3438884785819793,0,0x0002085a
ntkrnlmp.exe!***unknown***,148,0.34158050221565733,0,0x00214637
ntdll.dll!***unknown***,147,0.3392725258493353,0,0x0016cfb4
ntdll.dll!***unknown***,147,0.3392725258493353,0,0x000393f3
laneflow-urban-harness.exe!laneflow_runtime::kernel::occupancy::OccupancyIndex::sort_buckets,147,0.3392725258493353,104,0x0022b950
laneflow-urban-harness.exe!rayon_core::sleep::Sleep::wake_specific_thread,135,0.3115768094534712,1,0x00286300
laneflow-urban-harness.exe!rayon_core::sleep::Sleep::wake_any_threads,135,0.3115768094534712,0,0x00357870
ntkrnlmp.exe!***unknown***,127,0.29311299852289513,0,0x00217ae5
vcruntime140.dll!***unknown***,126,0.2908050221565731,125,0x0001c460
ntkrnlmp.exe!***unknown***,125,0.2884970457902511,0,0x002f5074
ntkrnlmp.exe!***unknown***,124,0.2861890694239291,0,0x00734234
laneflow-urban-harness.exe!lf707_profile::quality_motion,122,0.2815731166912851,122,0x00288c50
dxgmms2.sys!***unknown***,122,0.2815731166912851,0,0x00020d01
"laneflow-urban-harness.exe!core::slice::sort::unstable::quicksort::quicksort<laneflow_runtime::kernel::conflict_tick::ConflictCandidate,core::slice::impl$0::sort_unstable_by_key::closure_env$0<laneflow_runtime::kernel::conflict_tick::ConflictCandidate,tuple$<laneflow_runtime::kernel::conflict::ConflictCandidateOrderKey,u32>,laneflow_runtime::kernel::conflict_tick::impl$6::prepare_conflict_candidates::closure_env$1> >",120,0.27695716395864106,47,0x00279560
ntkrnlmp.exe!***unknown***,120,0.27695716395864106,0,0x002f4db3
laneflow-urban-harness.exe!laneflow_runtime::facade::TrafficWorld::route_edges,120,0.27695716395864106,120,0x00203410
"laneflow-urban-harness.exe!core::slice::sort::unstable::ipnsort<laneflow_runtime::kernel::conflict_tick::ConflictCandidate,core::slice::impl$0::sort_unstable_by_key::closure_env$0<laneflow_runtime::kernel::conflict_tick::ConflictCandidate,tuple$<laneflow_runtime::kernel::conflict::ConflictCandidateOrderKey,u32>,laneflow_runtime::kernel::conflict_tick::impl$6::prepare_conflict_candidates::closure_env$1> >",120,0.27695716395864106,0,0x00254a50
ntkrnlmp.exe!***unknown***,117,0.27003323485967506,0,0x002f47b0
laneflow-urban-harness.exe!std::sys::sync::condvar::futex::Condvar::wait,117,0.27003323485967506,1,0x00307420
ntkrnlmp.exe!***unknown***,114,0.263109305760709,1,0x002b225a
laneflow-urban-harness.exe!laneflow_runtime::kernel::phase::StepReadView::parking_state_valid_with_binding,114,0.263109305760709,114,0x00227d00
"laneflow-urban-harness.exe!serde_json::number::impl$6::serialize<ref_mut$<serde_json::ser::Serializer<ref_mut$<alloc::vec::Vec<u8,alloc::alloc::Global> >,serde_json::ser::CompactFormatter> > >",112,0.258493353028065,28,0x0005de00
"laneflow-urban-harness.exe!serde_core::ser::SerializeMap::serialize_entry<enum2$<serde_json::ser::Compound<ref_mut$<std::io::buffered::bufwriter::BufWriter<std::fs::File> >,serde_json::ser::CompactFormatter> >,alloc::string::String,enum2$<serde_json::value::Value> >",110,0.253877400295421,31,0x000824c0
nvlddmkm.sys!***unknown***,109,0.251569423929099,108,0x00cf32b0
vcruntime140.dll!***unknown***,108,0.24926144756277696,108,0x0001f020
nvlddmkm.sys!***unknown***,108,0.24926144756277696,108,0x00309959
laneflow-urban-harness.exe!laneflow_runtime::kernel::conflict::ConflictRead::cells_unavailable,108,0.24926144756277696,106,0x0024e2f0
"laneflow-urban-harness.exe!hashbrown::map::HashMap<u32,laneflow_urban_harness::runner::IndividualId,std::hash::random::RandomState,alloc::alloc::Global>::insert<u32,laneflow_urban_harness::runner::IndividualId,std::hash::random::RandomState,alloc::alloc::Global>",107,0.24695347119645494,23,0x001521d0
ntdll.dll!***unknown***,106,0.24464549483013293,6,0x0016ed53
laneflow-urban-harness.exe!std::sys::alloc::windows::process_heap_alloc,105,0.24233751846381094,62,0x0031a450
ntkrnlmp.exe!***unknown***,102,0.2354135893648449,0,0x002b32c0
ntkrnlmp.exe!***unknown***,101,0.2331056129985229,0,0x009a61b7
ntkrnlmp.exe!***unknown***,101,0.2331056129985229,0,0x00395523
ntdll.dll!***unknown***,101,0.2331056129985229,0,0x0016a194
ntdll.dll!***unknown***,101,0.2331056129985229,0,0x0001bbf0
dxgmms2.sys!***unknown***,101,0.2331056129985229,0,0x00010dd0
ntkrnlmp.exe!***unknown***,99,0.22848966026587889,0,0x0025813b
ntkrnlmp.exe!***unknown***,98,0.22618168389955687,2,0x002192c9
dxgmms2.sys!***unknown***,98,0.22618168389955687,0,0x00020a1c
dxgmms2.sys!***unknown***,98,0.22618168389955687,0,0x000118bf
ucrtbase.dll!***unknown***,97,0.22387370753323485,97,0x000b9fc6
ntkrnlmp.exe!***unknown***,97,0.22387370753323485,0,0x00256258
laneflow-urban-harness.exe!sha2::sha256::compress256,97,0.22387370753323485,97,0x002fe4d0
nvlddmkm.sys!***unknown***,94,0.21694977843426883,0,0x000b6f20
dxgmms2.sys!***unknown***,93,0.21464180206794684,0,0x00020881
dxgmms2.sys!***unknown***,93,0.21464180206794684,0,0x00014319
laneflow-urban-harness.exe!laneflow_runtime::kernel::conflict::ConflictResolution::insert_approach_owner_reduced,92,0.21233382570162482,69,0x002531b0
"laneflow-urban-harness.exe!serde_json::ser::format_escaped_str<ref_mut$<std::io::buffered::bufwriter::BufWriter<std::fs::File> >,serde_json::ser::PrettyFormatter>",91,0.2100258493353028,50,0x0007a130
laneflow-urban-harness.exe!rayon_core::sleep::Sleep::sleep<rayon_core::registry::impl$10::wait_until_cold::closure_env$0>,91,0.2100258493353028,1,0x003574e0
dxgmms2.sys!***unknown***,91,0.2100258493353028,0,0x00013006
dxgmms2.sys!***unknown***,91,0.2100258493353028,0,0x0000366e
vcruntime140.dll!***unknown***,90,0.2077178729689808,90,0x0001c45a
"laneflow-urban-harness.exe!serde_json::ser::format_escaped_str<ref_mut$<alloc::vec::Vec<u8,alloc::alloc::Global> >,serde_json::ser::PrettyFormatter>",89,0.2054098966026588,66,0x00079eb0
"laneflow-urban-harness.exe!hashbrown::raw::RawTable<tuple$<laneflow_runtime::kernel::handle::VehicleHandle,tuple$<> >,alloc::alloc::Global>::reserve_rehash<tuple$<laneflow_runtime::kernel::handle::VehicleHandle,tuple$<> >,alloc::alloc::Global,hashbrown::map::make_hasher::closure_env$0<laneflow_runtime::kernel::handle::VehicleHandle,tuple$<>,std::hash::random::RandomState> >",89,0.2054098966026588,15,0x0034d6b0
dxgmms2.sys!***unknown***,89,0.2054098966026588,0,0x00026927
laneflow-urban-harness.exe!laneflow_runtime::kernel::phase::StepReadView::waiting_semantic_member_count,88,0.20310192023633677,88,0x00221fd0
dxgkrnl.sys!***unknown***,88,0.20310192023633677,0,0x00039910
laneflow-urban-harness.exe!laneflow_urban_harness::runner::_::impl$0::serialize<serde_json::value::ser::Serializer>,87,0.20079394387001476,3,0x0011f5d0
laneflow-urban-harness.exe!laneflow_runtime::kernel::phase::StepWorkspace::finalize_waiting_outputs,87,0.20079394387001476,55,0x00222770
"laneflow-urban-harness.exe!serde_json::value::ser::impl$0::serialize<ref_mut$<serde_json::ser::Serializer<ref_mut$<std::io::buffered::bufwriter::BufWriter<std::fs::File> >,serde_json::ser::CompactFormatter> > >",84,0.19387001477104873,18,0x0007da30
nvlddmkm.sys!***unknown***,84,0.19387001477104873,0,0x00dd1555
laneflow-urban-harness.exe!serde_json::value::ser::impl$8::serialize_field<u32>,84,0.19387001477104873,2,0x00012130
laneflow-urban-harness.exe!laneflow_runtime::kernel::phase::CommittedStateMut::rebuild_waiting_member_rows,84,0.19387001477104873,84,0x00227690
ntkrnlmp.exe!***unknown***,83,0.19156203840472674,0,0x003c872c
ntdll.dll!***unknown***,83,0.19156203840472674,0,0x00046ba3
"laneflow-urban-harness.exe!core::slice::sort::unstable::ipnsort<laneflow_runtime::kernel::conflict_tick::ConflictDecision,core::slice::impl$0::sort_unstable_by_key::closure_env$0<laneflow_runtime::kernel::conflict_tick::ConflictDecision,tuple$<u32,u32,enum2$<core::option::Option<laneflow_runtime::kernel::conflict::ConflictPassageAddress> > >,laneflow_runtime::kernel::conflict_tick::impl$6::finalize_conflict_step::closure_env$15> >",82,0.18925406203840472,3,0x00254680
"laneflow-urban-harness.exe!core::slice::impl$0::sort_unstable_by_key<laneflow_runtime::kernel::conflict_tick::ConflictDecision,tuple$<u32,u32,enum2$<core::option::Option<laneflow_runtime::kernel::conflict::ConflictPassageAddress> > >,laneflow_runtime::kernel::conflict_tick::impl$6::finalize_conflict_step::closure_env$15>",82,0.18925406203840472,0,0x00212c40
dxgmms2.sys!***unknown***,82,0.18925406203840472,0,0x0001459e
laneflow-urban-harness.exe!core::ptr::drop_glue<enum2$<serde_json::value::Value> >,80,0.18463810930576072,7,0x00079c50
"laneflow-urban-harness.exe!core::slice::sort::unstable::quicksort::quicksort<laneflow_runtime::kernel::conflict_tick::ConflictDecision,core::slice::impl$0::sort_unstable_by_key::closure_env$0<laneflow_runtime::kernel::conflict_tick::ConflictDecision,tuple$<u32,u32,enum2$<core::option::Option<laneflow_runtime::kernel::conflict::ConflictPassageAddress> > >,laneflow_runtime::kernel::conflict_tick::impl$6::finalize_conflict_step::closure_env$15> >",79,0.1823301329394387,49,0x002787c0
vcruntime140.dll!***unknown***,78,0.18002215657311668,78,0x0001c65f
ntkrnlmp.exe!***unknown***,77,0.1777141802067947,0,0x00306979
ntdll.dll!***unknown***,77,0.1777141802067947,77,0x0016ed44
"laneflow-urban-harness.exe!serde_core::ser::impls::impl$107::serialize<enum2$<serde_json::value::Value>,serde_json::value::ser::Serializer>",76,0.17540620384047267,4,0x00121490
nvlddmkm.sys!***unknown***,75,0.17309822747415066,0,0x0012528e
ntkrnlmp.exe!***unknown***,75,0.17309822747415066,0,0x0073169c
"laneflow-urban-harness.exe!serde_core::ser::SerializeMap::serialize_entry<enum2$<serde_json::value::ser::SerializeMap>,alloc::string::String,enum2$<serde_json::value::Value> >",74,0.17079025110782867,8,0x00012cb0
nvlddmkm.sys!***unknown***,71,0.16386632200886264,0,0x00d8dc2d
nvlddmkm.sys!***unknown***,71,0.16386632200886264,0,0x00d41276
dxgmms2.sys!***unknown***,71,0.16386632200886264,0,0x0003046e
dxgkrnl.sys!***unknown***,71,0.16386632200886264,0,0x000192c3
nvlddmkm.sys!***unknown***,70,0.16155834564254062,0,0x000e93ba
dxgmms2.sys!***unknown***,70,0.16155834564254062,0,0x00011780
ntkrnlmp.exe!***unknown***,69,0.1592503692762186,0,0x00214284
laneflow-urban-harness.exe!laneflow_runtime::kernel::conflict::ConflictRead::evaluate_yield_target,69,0.1592503692762186,69,0x0024e7f0
ntkrnlmp.exe!***unknown***,68,0.15694239290989662,0,0x007377ba
ntkrnlmp.exe!***unknown***,67,0.1546344165435746,0,0x0037370a
nvlddmkm.sys!***unknown***,66,0.15232644017725258,66,0x0030995d
ntkrnlmp.exe!***unknown***,66,0.15232644017725258,4,0x00258a2e
"laneflow-urban-harness.exe!alloc::collections::btree::map::IntoIter<alloc::string::String,laneflow_urban_harness::artifacts::FileDigest,alloc::alloc::Global>::dying_next<alloc::string::String,laneflow_urban_harness::artifacts::FileDigest,alloc::alloc::Global>",66,0.15232644017725258,24,0x000860b0
ntkrnlmp.exe!***unknown***,64,0.14771048744460857,0,0x0021c03c
"laneflow-urban-harness.exe!core::slice::impl$0::partition_point<laneflow_runtime::kernel::tables::SpeedLimitDrop,laneflow_runtime::kernel::tick::constrain_upcoming_speed_limits::closure_env$0>",64,0.14771048744460857,64,0x0025dd20
ucrtbase.dll!***unknown***,63,0.14540251107828656,63,0x000b9fc0
"laneflow-urban-harness.exe!hashbrown::raw::RawTable<tuple$<u32,std::collections::hash::set::HashSet<laneflow_runtime::kernel::handle::VehicleHandle,std::hash::random::RandomState,alloc::alloc::Global> >,alloc::alloc::Global>::reserve_rehash<tuple$<u32,std::collections::hash::set::HashSet<laneflow_runtime::kernel::handle::VehicleHandle,std::hash::random::RandomState,alloc::alloc::Global> >,alloc::alloc::Global,hashbrown::map::make_hasher::closure_env$0<u32,std::collections::hash::set::HashSet<laneflow_runtime::kernel::handle::VehicleHandle,std::hash::random::RandomState,alloc::alloc::Global>,std::hash::random::RandomState> >",63,0.14540251107828656,30,0x0034f050
ntkrnlmp.exe!***unknown***,62,0.14309453471196454,0,0x00737edc
ntkrnlmp.exe!***unknown***,62,0.14309453471196454,0,0x002a4758
ntkrnlmp.exe!***unknown***,62,0.14309453471196454,0,0x002a41c2
laneflow-urban-harness.exe!laneflow_runtime::kernel::conflict_tick::ConflictSchedule::next,62,0.14309453471196454,4,0x0022b340
laneflow-urban-harness.exe!core::ptr::drop_glue<enum2$<serde_json::value::Value> >,62,0.14309453471196454,18,0x00034ef0
nvlddmkm.sys!***unknown***,60,0.13847858197932053,0,0x0016efdf
nvlddmkm.sys!***unknown***,60,0.13847858197932053,0,0x000ea53c
"laneflow-urban-harness.exe!alloc::collections::binary_heap::BinaryHeap<core::cmp::Reverse<laneflow_runtime::kernel::conflict_tick::ReadyCandidate>,alloc::alloc::Global>::pop<core::cmp::Reverse<laneflow_runtime::kernel::conflict_tick::ReadyCandidate>,alloc::alloc::Global>",58,0.13386262924667652,56,0x00257530
dxgmms2.sys!***unknown***,58,0.13386262924667652,0,0x0001fcf2
laneflow-urban-harness.exe!itoa::impl$32::fmt,57,0.1315546528803545,57,0x001b76a0
vcruntime140.dll!***unknown***,56,0.1292466765140325,56,0x0001c5e3
nvlddmkm.sys!***unknown***,56,0.1292466765140325,0,0x00d86951
nvlddmkm.sys!***unknown***,56,0.1292466765140325,0,0x00d84f6b
dxgmms2.sys!***unknown***,56,0.1292466765140325,0,0x00014abc
vcruntime140.dll!***unknown***,54,0.12463072378138848,54,0x0001c4e4
vcruntime140.dll!***unknown***,54,0.12463072378138848,54,0x0001c4d3
ntkrnlmp.exe!***unknown***,54,0.12463072378138848,0,0x0025627b
vcruntime140.dll!***unknown***,53,0.12232274741506646,53,0x0001c5f3
ntdll.dll!***unknown***,53,0.12232274741506646,0,0x00047a3d
"laneflow-urban-harness.exe!alloc::vec::Vec<enum2$<laneflow_runtime::kernel::execution::DispatchSlot<laneflow_runtime::kernel::tick::VehicleMotionOutcome> >,alloc::alloc::Global>::resize<enum2$<laneflow_runtime::kernel::execution::DispatchSlot<laneflow_runtime::kernel::tick::VehicleMotionOutcome> >,alloc::alloc::Global>",52,0.12001477104874446,52,0x00236510
dxgmms2.sys!***unknown***,52,0.12001477104874446,0,0x0001175f
laneflow-urban-harness.exe!laneflow_runtime::kernel::tables::distance_to_occurrence_start,51,0.11770679468242246,51,0x00262f20
nvlddmkm.sys!***unknown***,50,0.11539881831610044,0,0x0012b8cc
laneflow-urban-harness.exe!laneflow_runtime::kernel::state::WorldState::overlap_blocker,50,0.11539881831610044,0,0x0023d600
nvlddmkm.sys!***unknown***,49,0.11309084194977843,0,0x00315bee
nvlddmkm.sys!***unknown***,49,0.11309084194977843,0,0x0012d684
nvlddmkm.sys!***unknown***,49,0.11309084194977843,0,0x000ea421
laneflow-urban-harness.exe!std::sys::sync::mutex::futex::Mutex::lock_contended,49,0.11309084194977843,4,0x0035eb90
laneflow-urban-harness.exe!laneflow_urban_harness::observe::range,49,0.11309084194977843,14,0x0006b210
"laneflow-urban-harness.exe!hashbrown::raw::RawTable<tuple$<enum2$<laneflow_runtime::kernel::parking::ParkingTarget>,tuple$<u64,u64> >,alloc::alloc::Global>::reserve_rehash<tuple$<enum2$<laneflow_runtime::kernel::parking::ParkingTarget>,tuple$<u64,u64> >,alloc::alloc::Global,hashbrown::map::make_hasher::closure_env$0<enum2$<laneflow_runtime::kernel::parking::ParkingTarget>,tuple$<u64,u64>,std::hash::random::RandomState> >",49,0.11309084194977843,13,0x0034e330
nvlddmkm.sys!***unknown***,48,0.11078286558345643,0,0x0012d411
ntkrnlmp.exe!***unknown***,48,0.11078286558345643,0,0x00981459
ntkrnlmp.exe!***unknown***,48,0.11078286558345643,0,0x00662026
ntkrnlmp.exe!***unknown***,48,0.11078286558345643,0,0x002b31c0
ntdll.dll!***unknown***,48,0.11078286558345643,48,0x00047640
"laneflow-urban-harness.exe!hashbrown::raw::RawTable<tuple$<u32,laneflow_urban_harness::runner::IndividualId>,alloc::alloc::Global>::reserve_rehash<tuple$<u32,laneflow_urban_harness::runner::IndividualId>,alloc::alloc::Global,hashbrown::map::make_hasher::closure_env$0<u32,laneflow_urban_harness::runner::IndividualId,std::hash::random::RandomState> >",48,0.11078286558345643,25,0x0034f660
"laneflow-urban-harness.exe!core::slice::sort::shared::smallsort::insertion_sort_shift_left<laneflow_runtime::kernel::conflict_tick::ConflictCandidate,core::slice::impl$0::sort_unstable_by_key::closure_env$0<laneflow_runtime::kernel::conflict_tick::ConflictCandidate,tuple$<laneflow_runtime::kernel::conflict::ConflictCandidateOrderKey,u32>,laneflow_runtime::kernel::conflict_tick::impl$6::prepare_conflict_candidates::closure_env$1> >",48,0.11078286558345643,19,0x00272d50
nvlddmkm.sys!***unknown***,47,0.10847488921713441,0,0x00d71efb
ntdll.dll!***unknown***,47,0.10847488921713441,0,0x0007679a
laneflow-urban-harness.exe!laneflow_runtime::kernel::tick::impl$5::vehicle_motion_outcome::closure$3,47,0.10847488921713441,47,0x00228ee0
ntkrnlmp.exe!***unknown***,46,0.10616691285081241,0,0x00981cc6
ntkrnlmp.exe!***unknown***,46,0.10616691285081241,1,0x00440e4d
ntkrnlmp.exe!***unknown***,46,0.10616691285081241,0,0x003c84d1
ntkrnlmp.exe!***unknown***,46,0.10616691285081241,45,0x0027ed92
ntkrnlmp.exe!***unknown***,46,0.10616691285081241,1,0x0024f2ad
laneflow-urban-harness.exe!std::sys::pal::windows::handle::Handle::synchronous_write,46,0.10616691285081241,1,0x00309440
dxgmms2.sys!***unknown***,46,0.10616691285081241,0,0x00011fb9
ntkrnlmp.exe!***unknown***,45,0.1038589364844904,0,0x008e8631
ntdll.dll!***unknown***,45,0.1038589364844904,0,0x00169464
"laneflow-urban-harness.exe!alloc::collections::btree::node::Handle<alloc::collections::btree::node::NodeRef<alloc::collections::btree::node::marker::Mut,alloc::string::String,enum2$<serde_json::value::Value>,enum2$<alloc::collections::btree::node::marker::Leaf> >,enum2$<alloc::collections::btree::node::marker::Edge> >::insert_recursing<alloc::string::String,enum2$<serde_json::value::Value>,alloc::alloc::Global,alloc::collections::btree::map::entry::impl$6::insert_entry::closure_env$0<alloc::string::String,enum2$<serde_json::value::Value>,alloc::alloc::Global> >",45,0.1038589364844904,21,0x0019d200
ntkrnlmp.exe!***unknown***,44,0.10155096011816839,0,0x00733993
"laneflow-urban-harness.exe!core::slice::sort::shared::smallsort::sort4_stable<tuple$<u32,u64,u64,laneflow_urban_harness::runner::IndividualId>,bool (*)(ref$<tuple$<u32,u64,u64,laneflow_urban_harness::runner::IndividualId> >,ref$<tuple$<u32,u64,u64,laneflow_urban_harness::runner::IndividualId> >)>",44,0.10155096011816839,44,0x00142110
vcruntime140.dll!***unknown***,43,0.09924298375184638,43,0x0001c440
nvlddmkm.sys!***unknown***,43,0.09924298375184638,0,0x000ff4e9
ntdll.dll!***unknown***,43,0.09924298375184638,0,0x00063658
laneflow-urban-harness.exe!laneflow_static_network::policy::SharedPolicyNetwork::policy,43,0.09924298375184638,43,0x002892d0
laneflow-urban-harness.exe!laneflow_runtime::kernel::world::fill_signal_aspects,43,0.09924298375184638,21,0x0023b330
"laneflow-urban-harness.exe!core::slice::sort::shared::smallsort::insertion_sort_shift_left<laneflow_runtime::kernel::occupancy::OccupancyRecord,core::slice::impl$0::sort_unstable_by_key::closure_env$0<laneflow_runtime::kernel::occupancy::OccupancyRecord,tuple$<u32,u32,u32,u32>,laneflow_runtime::kernel::occupancy::impl$4::sort_buckets::closure_env$0> >",43,0.09924298375184638,43,0x00273970
"laneflow-urban-harness.exe!alloc::vec::Vec<enum2$<laneflow_runtime::kernel::execution::DispatchSlot<laneflow_runtime::kernel::tick::WaitingPreviewEntry> >,alloc::alloc::Global>::resize<enum2$<laneflow_runtime::kernel::execution::DispatchSlot<laneflow_runtime::kernel::tick::WaitingPreviewEntry> >,alloc::alloc::Global>",43,0.09924298375184638,43,0x00236190
nvlddmkm.sys!***unknown***,42,0.09693500738552437,0,0x0012a87c
ntdll.dll!***unknown***,42,0.09693500738552437,42,0x00062923
ntkrnlmp.exe!***unknown***,41,0.09462703101920236,0,0x00730d0e
ntkrnlmp.exe!***unknown***,41,0.09462703101920236,0,0x002567f2
laneflow-urban-harness.exe!laneflow_runtime::kernel::spawn_overlap::SpawnOverlapIndex::refresh,41,0.09462703101920236,27,0x00208470
dxgmms2.sys!***unknown***,41,0.09462703101920236,0,0x00020250
nvlddmkm.sys!***unknown***,40,0.09231905465288036,0,0x00129318
ntkrnlmp.exe!***unknown***,40,0.09231905465288036,1,0x00306c54
ntkrnlmp.exe!***unknown***,40,0.09231905465288036,0,0x00291d6c
ntdll.dll!***unknown***,40,0.09231905465288036,0,0x00062d4a
nvlddmkm.sys!***unknown***,39,0.09001107828655834,37,0x000e9023
ntkrnlmp.exe!***unknown***,39,0.09001107828655834,0,0x006617e7
ntkrnlmp.exe!***unknown***,39,0.09001107828655834,0,0x002b3246
laneflow-urban-harness.exe!std::io::buffered::bufwriter::BufWriter<std::fs::File>::write_all_cold<std::fs::File>,39,0.09001107828655834,0,0x003428d0
laneflow-urban-harness.exe!std::io::buffered::bufwriter::BufWriter<std::fs::File>::flush_buf<std::fs::File>,39,0.09001107828655834,0,0x00018d20
laneflow-urban-harness.exe!std::fs::impl$13::write,39,0.09001107828655834,0,0x0031ee50
laneflow-urban-harness.exe!laneflow_runtime::kernel::boundary::advance,39,0.09001107828655834,39,0x0025d2c0
ntkrnlmp.exe!***unknown***,38,0.08770310192023634,0,0x008e8f53
ntkrnlmp.exe!***unknown***,38,0.08770310192023634,0,0x002e6b4f
ntdll.dll!***unknown***,38,0.08770310192023634,0,0x00076655
nvlddmkm.sys!***unknown***,37,0.08539512555391433,37,0x000ff5c8
vcruntime140.dll!***unknown***,36,0.08308714918759232,36,0x0001c443
ntdll.dll!***unknown***,36,0.08308714918759232,5,0x00048549
fltMgr.sys!***unknown***,36,0.08308714918759232,0,0x000648ef
ucrtbase.dll!***unknown***,35,0.08077917282127031,35,0x000ba040
ntkrnlmp.exe!***unknown***,35,0.08077917282127031,0,0x007316c4
ntkrnlmp.exe!***unknown***,35,0.08077917282127031,0,0x0066317d
ntkrnlmp.exe!***unknown***,35,0.08077917282127031,0,0x00218f63
refs.sys!***unknown***,34,0.07847119645494831,0,0x00325ea7
nvlddmkm.sys!***unknown***,34,0.07847119645494831,0,0x006f87a7
ntkrnlmp.exe!***unknown***,34,0.07847119645494831,34,0x00730cfd
ntdll.dll!***unknown***,34,0.07847119645494831,0,0x00046204
laneflow-urban-harness.exe!std::alloc::__default_lib_allocator::__rdl_dealloc,34,0.07847119645494831,17,0x00306aa0
kernel32.dll!***unknown***,34,0.07847119645494831,34,0x00029789
fltMgr.sys!***unknown***,34,0.07847119645494831,0,0x0000ae41
fltMgr.sys!***unknown***,34,0.07847119645494831,0,0x00009c7d
"laneflow-urban-harness.exe!core::slice::sort::shared::pivot::median3_rec<tuple$<u32,u64,u64,laneflow_urban_harness::runner::IndividualId>,bool (*)(ref$<tuple$<u32,u64,u64,laneflow_urban_harness::runner::IndividualId> >,ref$<tuple$<u32,u64,u64,laneflow_urban_harness::runner::IndividualId> >)>",33,0.07616322008862629,33,0x00055050
nvlddmkm.sys!***unknown***,33,0.07616322008862629,0,0x00d4b0ce
ntkrnlmp.exe!***unknown***,33,0.07616322008862629,0,0x00339df0
laneflow-urban-harness.exe!laneflow_urban_harness::sha256,33,0.07616322008862629,0,0x00065e00
laneflow-urban-harness.exe!laneflow_runtime::kernel::conflict_tick::ConflictTaskView::prepare_candidate_downstream_task,33,0.07616322008862629,0,0x00230b90
vcruntime140.dll!***unknown***,32,0.07385524372230429,32,0x0001c5c3
ucrtbase.dll!***unknown***,32,0.07385524372230429,32,0x000ba046
ntkrnlmp.exe!***unknown***,32,0.07385524372230429,0,0x002a6db0
ntdll.dll!***unknown***,32,0.07385524372230429,3,0x0001c8f4
laneflow-urban-harness.exe!laneflow_runtime::kernel::occupancy::OccupancyIndex::finish_layout,32,0.07385524372230429,20,0x0022be70
"laneflow-urban-harness.exe!core::slice::iter::impl$171::find<laneflow_urban_generator::catalog::ParkingTarget,laneflow_urban_harness::plan::impl$3::for_case::closure_env$43>",32,0.07385524372230429,30,0x000214a0
vcruntime140.dll!***unknown***,31,0.07154726735598227,31,0x0001c5d3
ntkrnlmp.exe!***unknown***,31,0.07154726735598227,1,0x00662b7e
ntkrnlmp.exe!***unknown***,31,0.07154726735598227,0,0x00372e6b
ntkrnlmp.exe!***unknown***,31,0.07154726735598227,31,0x002b2dfe
ntkrnlmp.exe!***unknown***,31,0.07154726735598227,0,0x002187c3
dxgmms2.sys!***unknown***,31,0.07154726735598227,0,0x000229d3
dxgmms2.sys!***unknown***,31,0.07154726735598227,0,0x0001520a
dxgkrnl.sys!***unknown***,31,0.07154726735598227,0,0x0000c53b
vcruntime140.dll!***unknown***,30,0.06923929098966027,29,0x0001c477
ntkrnlmp.exe!***unknown***,30,0.06923929098966027,0,0x00431c01
ntkrnlmp.exe!***unknown***,30,0.06923929098966027,0,0x002e7f14
laneflow-urban-harness.exe!laneflow_runtime::kernel::conflict_tick::ConflictTaskView::downstream_plan_prechecks,30,0.06923929098966027,4,0x0022f8d0
"laneflow-urban-harness.exe!alloc::collections::btree::map::BTreeMap<tuple$<laneflow_urban_harness::runner::IndividualId,u32>,alloc::collections::btree::set_val::SetValZST,alloc::alloc::Global>::insert<tuple$<laneflow_urban_harness::runner::IndividualId,u32>,alloc::collections::btree::set_val::SetValZST,alloc::alloc::Global>",30,0.06923929098966027,30,0x00084910
Kernelbase.dll!***unknown***,30,0.06923929098966027,0,0x0009bada
ntkrnlmp.exe!***unknown***,29,0.06693131462333826,28,0x007380eb
ntkrnlmp.exe!***unknown***,29,0.06693131462333826,0,0x00550e1e
ntkrnlmp.exe!***unknown***,29,0.06693131462333826,0,0x00410780
ntdll.dll!***unknown***,29,0.06693131462333826,12,0x001699e4
ntdll.dll!***unknown***,29,0.06693131462333826,0,0x000be119
ntdll.dll!***unknown***,29,0.06693131462333826,0,0x000722b7
ntdll.dll!***unknown***,29,0.06693131462333826,0,0x00071de0
laneflow-urban-harness.exe!memcpy,29,0.06693131462333826,29,0x0034217b
nvlddmkm.sys!***unknown***,28,0.06462333825701624,0,0x000ea386
ntkrnlmp.exe!***unknown***,28,0.06462333825701624,4,0x0024ff1c
ntkrnlmp.exe!***unknown***,28,0.06462333825701624,0,0x00219fe7
ntkrnlmp.exe!***unknown***,28,0.06462333825701624,0,0x002130a3
ntdll.dll!***unknown***,28,0.06462333825701624,0,0x00072eef
"laneflow-urban-harness.exe!serde_json::number::impl$6::serialize<ref_mut$<serde_json::ser::Serializer<ref_mut$<std::io::buffered::bufwriter::BufWriter<std::fs::File> >,serde_json::ser::CompactFormatter> > >",28,0.06462333825701624,5,0x0005dfc0
laneflow-urban-harness.exe!rayon_core::latch::LockLatch::wait,28,0.06462333825701624,1,0x002868f0
nvlddmkm.sys!***unknown***,27,0.06231536189069424,0,0x000ea738
ntkrnlmp.exe!***unknown***,27,0.06231536189069424,0,0x00549298
laneflow-urban-harness.exe!rayon_core::registry::WorkerThread::find_work,27,0.06231536189069424,4,0x00285510
laneflow-urban-harness.exe!laneflow_runtime::kernel::phase::StepReadView::derive_waiting_traversal_with_signals,27,0.06231536189069424,24,0x00222100
vcruntime140.dll!***unknown***,26,0.06000738552437223,26,0x0001c613
nvlddmkm.sys!***unknown***,26,0.06000738552437223,0,0x00125c12
ntkrnlmp.exe!***unknown***,26,0.06000738552437223,0,0x003be2f3
ntkrnlmp.exe!***unknown***,26,0.06000738552437223,0,0x003bdb0b
ntkrnlmp.exe!***unknown***,26,0.06000738552437223,0,0x0029f39a
ntkrnlmp.exe!***unknown***,26,0.06000738552437223,0,0x0029f1e7
ntkrnlmp.exe!***unknown***,26,0.06000738552437223,0,0x00216da3
ntdll.dll!***unknown***,26,0.06000738552437223,26,0x000628df
NDIS.SYS!***unknown***,26,0.06000738552437223,0,0x0004e402
mtkwl6ex.sys!***unknown***,26,0.06000738552437223,0,0x0004c144
dxgkrnl.sys!***unknown***,26,0.06000738552437223,0,0x0000c833
wdf01000.sys!***unknown***,25,0.05769940915805022,0,0x00025f28
nvlddmkm.sys!***unknown***,25,0.05769940915805022,0,0x0030a071
nvlddmkm.sys!***unknown***,25,0.05769940915805022,0,0x0016a8a3
ntkrnlmp.exe!***unknown***,25,0.05769940915805022,0,0x0044135d
ntkrnlmp.exe!***unknown***,25,0.05769940915805022,0,0x0043e9aa
ntkrnlmp.exe!***unknown***,25,0.05769940915805022,0,0x0043e7fc
ntkrnlmp.exe!***unknown***,25,0.05769940915805022,0,0x002f50c4
ntkrnlmp.exe!***unknown***,25,0.05769940915805022,0,0x002b053d
ntdll.dll!***unknown***,25,0.05769940915805022,25,0x000488a9
"laneflow-urban-harness.exe!core::slice::sort::shared::smallsort::insertion_sort_shift_left<laneflow_runtime::kernel::conflict_tick::ConflictDecision,core::slice::impl$0::sort_unstable_by_key::closure_env$0<laneflow_runtime::kernel::conflict_tick::ConflictDecision,tuple$<u32,u32,enum2$<core::option::Option<laneflow_runtime::kernel::conflict::ConflictPassageAddress> > >,laneflow_runtime::kernel::conflict_tick::impl$6::finalize_conflict_step::closure_env$15> >",25,0.05769940915805022,24,0x00272960
ntkrnlmp.exe!***unknown***,24,0.055391432791728215,5,0x00733de2
ntkrnlmp.exe!***unknown***,24,0.055391432791728215,0,0x003bca60
ntdll.dll!***unknown***,24,0.055391432791728215,24,0x00062a70
ntdll.dll!***unknown***,24,0.055391432791728215,24,0x00047487
laneflow-urban-harness.exe!alloc::raw_vec::impl$4::reserve::do_reserve_and_handle<alloc::alloc::Global>,24,0.055391432791728215,0,0x003444e0
dxgmms2.sys!***unknown***,24,0.055391432791728215,0,0x00012cb0
nvlddmkm.sys!***unknown***,23,0.053083456425406204,0,0x00dd1749
ntkrnlmp.exe!***unknown***,23,0.053083456425406204,23,0x00425394
ntkrnlmp.exe!***unknown***,23,0.053083456425406204,0,0x0025808b
ntkrnlmp.exe!***unknown***,23,0.053083456425406204,0,0x0021b159
laneflow-urban-harness.exe!laneflow_runtime::kernel::state::WorldState::conflict_state_valid,23,0.053083456425406204,2,0x0023df40
laneflow-urban-harness.exe!laneflow_runtime::kernel::downstream_index::DownstreamIndex::insert_at,22,0.050775480059084194,10,0x00258340
nvlddmkm.sys!***unknown***,22,0.050775480059084194,0,0x0016a312
nvlddmkm.sys!***unknown***,22,0.050775480059084194,0,0x00100d67
ntkrnlmp.exe!***unknown***,22,0.050775480059084194,0,0x009790b8
ntkrnlmp.exe!***unknown***,22,0.050775480059084194,0,0x002e6234
ntkrnlmp.exe!***unknown***,22,0.050775480059084194,0,0x00217262
ntdll.dll!***unknown***,22,0.050775480059084194,1,0x00169664
laneflow-urban-harness.exe!laneflow_runtime::kernel::downstream_index::DownstreamIndex::insert,22,0.050775480059084194,0,0x00258050
laneflow-urban-harness.exe!laneflow_runtime::kernel::conflict::ConflictWrite::try_acquire,22,0.050775480059084194,0,0x0024f4c0
kernel32.dll!***unknown***,22,0.050775480059084194,22,0x00029780
refs.sys!***unknown***,21,0.04846750369276218,0,0x003262d2
nvlddmkm.sys!***unknown***,21,0.04846750369276218,0,0x00309fc1
ntkrnlmp.exe!***unknown***,21,0.04846750369276218,0,0x002b3251
ntkrnlmp.exe!***unknown***,21,0.04846750369276218,0,0x00256601
ntdll.dll!***unknown***,21,0.04846750369276218,21,0x00062a86
ntdll.dll!***unknown***,21,0.04846750369276218,0,0x00062593
laneflow-urban-harness.exe!laneflow_urban_harness::runner::signal_signature,21,0.04846750369276218,1,0x00136740
vcruntime140.dll!***unknown***,20,0.04615952732644018,20,0x0001c466
nvlddmkm.sys!***unknown***,20,0.04615952732644018,0,0x00dd1c96
nvlddmkm.sys!***unknown***,20,0.04615952732644018,0,0x0016f9b3
nvlddmkm.sys!***unknown***,20,0.04615952732644018,0,0x0016b029
nvlddmkm.sys!***unknown***,20,0.04615952732644018,0,0x000ea471
ntkrnlmp.exe!***unknown***,20,0.04615952732644018,0,0x002a7bb5
ntkrnlmp.exe!***unknown***,20,0.04615952732644018,5,0x0021fddd
ntkrnlmp.exe!***unknown***,20,0.04615952732644018,0,0x00217b06
ntdll.dll!***unknown***,20,0.04615952732644018,0,0x00045b47
nvlddmkm.sys!***unknown***,19,0.04385155096011817,0,0x00dd0b8f
nvlddmkm.sys!***unknown***,19,0.04385155096011817,0,0x00100ede
ntkrnlmp.exe!***unknown***,19,0.04385155096011817,0,0x00256960
ntdll.dll!***unknown***,19,0.04385155096011817,19,0x00048506
laneflow-urban-harness.exe!laneflow_runtime::kernel::conflict::ConflictWrite::ensure_cells,19,0.04385155096011817,19,0x00250220
wdf01000.sys!***unknown***,18,0.04154357459379616,0,0x0004089f
vcruntime140.dll!***unknown***,18,0.04154357459379616,18,0x0001c44a
nvlddmkm.sys!***unknown***,18,0.04154357459379616,0,0x00d7ed2c
nvlddmkm.sys!***unknown***,18,0.04154357459379616,0,0x00d7df4e
nvlddmkm.sys!***unknown***,18,0.04154357459379616,0,0x0099632a
nvlddmkm.sys!***unknown***,18,0.04154357459379616,18,0x006f91e0
ntkrnlmp.exe!***unknown***,18,0.04154357459379616,0,0x0054bc08
ntkrnlmp.exe!***unknown***,18,0.04154357459379616,0,0x0021a28f
vcruntime140.dll!***unknown***,17,0.039235598227474154,17,0x0001c586
nvlddmkm.sys!***unknown***,17,0.039235598227474154,0,0x00309fce
nvlddmkm.sys!***unknown***,17,0.039235598227474154,0,0x0012d30c
nvlddmkm.sys!***unknown***,17,0.039235598227474154,0,0x0012af42
nvlddmkm.sys!***unknown***,17,0.039235598227474154,0,0x000ea32d
ntkrnlmp.exe!***unknown***,17,0.039235598227474154,16,0x0073f510
ntkrnlmp.exe!***unknown***,17,0.039235598227474154,0,0x00531246
ntkrnlmp.exe!***unknown***,17,0.039235598227474154,0,0x003a1a72
ntkrnlmp.exe!***unknown***,17,0.039235598227474154,1,0x003069aa
ntkrnlmp.exe!***unknown***,17,0.039235598227474154,0,0x002e3d80
ntkrnlmp.exe!***unknown***,17,0.039235598227474154,0,0x00258c21
ntdll.dll!***unknown***,17,0.039235598227474154,0,0x00062616
ntdll.dll!***unknown***,17,0.039235598227474154,17,0x000470d5
mtkwl6ex.sys!***unknown***,17,0.039235598227474154,0,0x00146d94
laneflow-urban-harness.exe!laneflow_static_network::policy::PolicyView::yield_targets,17,0.039235598227474154,11,0x002894e0
vcruntime140.dll!***unknown***,16,0.03692762186115214,16,0x0001c469
nvlddmkm.sys!***unknown***,16,0.03692762186115214,16,0x0069fbd0
nvlddmkm.sys!***unknown***,16,0.03692762186115214,0,0x003d6c76
nvlddmkm.sys!***unknown***,16,0.03692762186115214,0,0x0012b872
nvlddmkm.sys!***unknown***,16,0.03692762186115214,0,0x000ffe58
ntkrnlmp.exe!***unknown***,16,0.03692762186115214,16,0x00744028
ntkrnlmp.exe!***unknown***,16,0.03692762186115214,16,0x00425380
ntkrnlmp.exe!***unknown***,16,0.03692762186115214,12,0x002ebe22
ntkrnlmp.exe!***unknown***,16,0.03692762186115214,15,0x002b2e19
ntdll.dll!***unknown***,16,0.03692762186115214,0,0x00077f72
ntdll.dll!***unknown***,16,0.03692762186115214,16,0x000471e1
laneflow-urban-harness.exe!serde_json::value::to_value<ref$<ref$<str$> > >,16,0.03692762186115214,1,0x0011f3e0
laneflow-urban-harness.exe!laneflow_runtime::facade::TrafficWorld::parking_space_state,16,0.03692762186115214,14,0x002037e0
laneflow-urban-harness.exe!core::ptr::drop_glue<enum2$<serde_json::value::Value> >,16,0.03692762186115214,15,0x0000d7f0
"laneflow-urban-harness.exe!alloc::collections::btree::map::impl$88::from_iter<u32,u8,core::iter::adapters::GenericShunt<core::iter::adapters::map::Map<core::slice::iter::Iter<tuple$<laneflow_static_contract::typed::Ordinal<laneflow_static_contract::typed::SignalGroupKind>,laneflow_static_contract::values::SignalAspect> >,laneflow_urban_harness::runner::signal_signature::closure_env$0>,enum2$<core::result::Result<enum2$<core::convert::Infallible>,enum2$<laneflow_urban_harness::Error> > > > >",16,0.03692762186115214,0,0x0007e780
"laneflow-urban-harness.exe!alloc::collections::btree::map::BTreeMap<alloc::string::String,laneflow_runtime::kernel::handle::RouteHandle,alloc::alloc::Global>::get<alloc::string::String,laneflow_runtime::kernel::handle::RouteHandle,alloc::alloc::Global,alloc::string::String>",16,0.03692762186115214,9,0x00078ac0
vcruntime140.dll!***unknown***,15,0.03461964549483013,15,0x0001c579
nvlddmkm.sys!***unknown***,15,0.03461964549483013,0,0x0016f851
nvlddmkm.sys!***unknown***,15,0.03461964549483013,1,0x00123feb
nvlddmkm.sys!***unknown***,15,0.03461964549483013,0,0x000ff4da
ntkrnlmp.exe!***unknown***,15,0.03461964549483013,15,0x00468c24
ntkrnlmp.exe!***unknown***,15,0.03461964549483013,15,0x00468c20
ntkrnlmp.exe!***unknown***,15,0.03461964549483013,0,0x002cf240
ntkrnlmp.exe!***unknown***,15,0.03461964549483013,0,0x002a6c79
ntdll.dll!***unknown***,15,0.03461964549483013,0,0x00044ed5
vcruntime140.dll!***unknown***,14,0.03231166912850812,14,0x0001e256
vcruntime140.dll!***unknown***,14,0.03231166912850812,14,0x0001c56c
vcruntime140.dll!***unknown***,14,0.03231166912850812,14,0x0001c4f3
nvlddmkm.sys!***unknown***,14,0.03231166912850812,1,0x002b2c8c
nvlddmkm.sys!***unknown***,14,0.03231166912850812,0,0x001005e9
nvlddmkm.sys!***unknown***,14,0.03231166912850812,0,0x000ea64a
nvlddmkm.sys!***unknown***,14,0.03231166912850812,14,0x000e9030
ntkrnlmp.exe!***unknown***,14,0.03231166912850812,0,0x0097a3ce
ntkrnlmp.exe!***unknown***,14,0.03231166912850812,0,0x00730ad0
ntkrnlmp.exe!***unknown***,14,0.03231166912850812,0,0x007305cc
ntkrnlmp.exe!***unknown***,14,0.03231166912850812,0,0x00440ead
ntkrnlmp.exe!***unknown***,14,0.03231166912850812,1,0x002f13ae
ntkrnlmp.exe!***unknown***,14,0.03231166912850812,14,0x002598a6
ntdll.dll!***unknown***,14,0.03231166912850812,14,0x00062947
laneflow-urban-harness.exe!std::alloc::__default_lib_allocator::__rdl_alloc,14,0.03231166912850812,12,0x00306a40
laneflow-urban-harness.exe!laneflow_runtime::kernel::tables::for_each_admission_interval<laneflow_runtime::kernel::spawn_overlap::impl$1::insert::closure_env$0>,14,0.03231166912850812,14,0x0025e560
laneflow-urban-harness.exe!crossbeam_deque::deque::Stealer<rayon_core::job::JobRef>::steal<rayon_core::job::JobRef>,14,0.03231166912850812,7,0x00286c30
dxgmms2.sys!***unknown***,14,0.03231166912850812,0,0x0001b96d
dxgmms2.sys!***unknown***,14,0.03231166912850812,0,0x00014aa3
dxgmms2.sys!***unknown***,14,0.03231166912850812,0,0x00011ce0
nvlddmkm.sys!***unknown***,13,0.030003692762186115,0,0x000eae84
ntkrnlmp.exe!***unknown***,13,0.030003692762186115,0,0x0097c440
ntkrnlmp.exe!***unknown***,13,0.030003692762186115,0,0x007305f4
ntkrnlmp.exe!***unknown***,13,0.030003692762186115,1,0x0065d2e6
ntkrnlmp.exe!***unknown***,13,0.030003692762186115,13,0x002f585f
ntkrnlmp.exe!***unknown***,13,0.030003692762186115,0,0x0027a4d4
ntkrnlmp.exe!***unknown***,13,0.030003692762186115,13,0x00242509
ntdll.dll!***unknown***,13,0.030003692762186115,13,0x00062962
laneflow-urban-harness.exe!rayon_core::latch::impl$11::set,13,0.030003692762186115,0,0x00206530
laneflow-urban-harness.exe!laneflow_static_network::policy::PolicyView::stream_classes,13,0.030003692762186115,13,0x00289610
laneflow-urban-harness.exe!laneflow_runtime::kernel::conflict_tick::ConflictTaskView::waiting_stop_for,13,0.030003692762186115,13,0x00230d20
laneflow-urban-harness.exe!core::fmt::write,13,0.030003692762186115,0,0x0032d2f0
dxgmms2.sys!***unknown***,13,0.030003692762186115,0,0x0001bb22
dxgmms2.sys!***unknown***,13,0.030003692762186115,0,0x000145c0
wdf01000.sys!***unknown***,12,0.027695716395864108,0,0x0000fa89
nvlddmkm.sys!***unknown***,12,0.027695716395864108,0,0x00dcd029
nvlddmkm.sys!***unknown***,12,0.027695716395864108,0,0x0098eaab
nvlddmkm.sys!***unknown***,12,0.027695716395864108,0,0x0030a048
nvlddmkm.sys!***unknown***,12,0.027695716395864108,0,0x00125255
nvlddmkm.sys!***unknown***,12,0.027695716395864108,0,0x000ff99d
nvlddmkm.sys!***unknown***,12,0.027695716395864108,0,0x000e940d
ntkrnlmp.exe!***unknown***,12,0.027695716395864108,12,0x00730bad
ntkrnlmp.exe!***unknown***,12,0.027695716395864108,0,0x0054bac0
ntkrnlmp.exe!***unknown***,12,0.027695716395864108,0,0x003a1d06
ntkrnlmp.exe!***unknown***,12,0.027695716395864108,0,0x0032d7e4
ntkrnlmp.exe!***unknown***,12,0.027695716395864108,0,0x002f6a2b
ntkrnlmp.exe!***unknown***,12,0.027695716395864108,0,0x002cbdd2
ntkrnlmp.exe!***unknown***,12,0.027695716395864108,0,0x0021f14d
ntkrnlmp.exe!***unknown***,12,0.027695716395864108,0,0x00216ede
ntdll.dll!***unknown***,12,0.027695716395864108,12,0x0016ed57
ntdll.dll!***unknown***,12,0.027695716395864108,12,0x0016ed4e
ntdll.dll!***unknown***,12,0.027695716395864108,12,0x000629d8
ntdll.dll!***unknown***,12,0.027695716395864108,12,0x00062934
ntdll.dll!***unknown***,12,0.027695716395864108,12,0x00048613
ntdll.dll!***unknown***,12,0.027695716395864108,12,0x00046b15
ntdll.dll!***unknown***,12,0.027695716395864108,0,0x00045f7b
ntdll.dll!***unknown***,12,0.027695716395864108,0,0x00044f23
mtkwl6ex.sys!***unknown***,12,0.027695716395864108,0,0x00007e5d
laneflow-urban-harness.exe!laneflow_urban_harness::runner::Harness::enqueue,12,0.027695716395864108,9,0x00126540
laneflow-urban-harness.exe!laneflow_static_network::policy::PolicyView::stream,12,0.027695716395864108,5,0x00289820
"laneflow-urban-harness.exe!hashbrown::map::HashMap<u32,bool,std::hash::random::RandomState,alloc::alloc::Global>::insert<u32,bool,std::hash::random::RandomState,alloc::alloc::Global>",12,0.027695716395864108,6,0x00152390
vcruntime140.dll!***unknown***,11,0.025387740029542097,11,0x0001c568
vcruntime140.dll!***unknown***,11,0.025387740029542097,11,0x0001c4a9
nvlddmkm.sys!***unknown***,11,0.025387740029542097,0,0x00d5bae9
nvlddmkm.sys!***unknown***,11,0.025387740029542097,0,0x003f00e3
ntkrnlmp.exe!***unknown***,11,0.025387740029542097,2,0x00438107
ntkrnlmp.exe!***unknown***,11,0.025387740029542097,0,0x002f4603
ntkrnlmp.exe!***unknown***,11,0.025387740029542097,0,0x002a4c86
ntkrnlmp.exe!***unknown***,11,0.025387740029542097,0,0x00281474
ntkrnlmp.exe!***unknown***,11,0.025387740029542097,11,0x00256cb3
ntdll.dll!***unknown***,11,0.025387740029542097,11,0x00062883
msgpioclx.sys!***unknown***,11,0.025387740029542097,0,0x0001306c
msgpioclx.sys!***unknown***,11,0.025387740029542097,0,0x000123ee
laneflow-urban-harness.exe!laneflow_runtime::kernel::phase::StepReadView::preview_active_vehicle_with_waiting_stop,11,0.025387740029542097,0,0x00218a40
laneflow-urban-harness.exe!laneflow_runtime::kernel::conflict_tick::ConflictSchedule::prepare,11,0.025387740029542097,1,0x0022b410
laneflow-urban-harness.exe!compiler_builtins::int::udiv::__umodti3::__umodti3,11,0.025387740029542097,11,0x00335850
dxgmms2.sys!***unknown***,11,0.025387740029542097,0,0x000077e1
dxgmms2.sys!***unknown***,11,0.025387740029542097,0,0x00007505
ntkrnlmp.exe!***unknown***,10,0.02307976366322009,0,0x0027968a
wdf01000.sys!***unknown***,10,0.02307976366322009,0,0x000226d2
wdf01000.sys!***unknown***,10,0.02307976366322009,0,0x0000ea85
ntkrnlmp.exe!***unknown***,10,0.02307976366322009,0,0x003eb5f7
ntkrnlmp.exe!***unknown***,10,0.02307976366322009,0,0x003eb273
ntkrnlmp.exe!***unknown***,10,0.02307976366322009,0,0x003b5792
nvlddmkm.sys!***unknown***,10,0.02307976366322009,0,0x006f921e
nvlddmkm.sys!***unknown***,10,0.02307976366322009,0,0x0030a21a
nvlddmkm.sys!***unknown***,10,0.02307976366322009,10,0x00309fd9
nvlddmkm.sys!***unknown***,10,0.02307976366322009,0,0x0016f90c
ntkrnlmp.exe!***unknown***,10,0.02307976366322009,7,0x0065bdf4
ntkrnlmp.exe!***unknown***,10,0.02307976366322009,3,0x003a265c
ntkrnlmp.exe!***unknown***,10,0.02307976366322009,0,0x002a7e68
ntkrnlmp.exe!***unknown***,10,0.02307976366322009,0,0x002a3b0f
ntkrnlmp.exe!***unknown***,10,0.02307976366322009,0,0x002a3729
ntkrnlmp.exe!***unknown***,10,0.02307976366322009,0,0x00280684
ntkrnlmp.exe!***unknown***,10,0.02307976366322009,9,0x00256c2a
ntkrnlmp.exe!***unknown***,10,0.02307976366322009,0,0x0021a2a8
ntdll.dll!***unknown***,10,0.02307976366322009,10,0x00048544
laneflow-urban-harness.exe!laneflow_runtime::kernel::phase::StepReadView::reservation_downstream_claim_plan,10,0.02307976366322009,6,0x00218e10
laneflow-urban-harness.exe!laneflow_runtime::kernel::downstream_index::DownstreamIndex::refresh,10,0.02307976366322009,10,0x00258180
laneflow-urban-harness.exe!laneflow_runtime::facade::TrafficWorld::parking_facility_counts,10,0.02307976366322009,2,0x00203a20
"laneflow-urban-harness.exe!alloc::collections::btree::map::impl$0::drop<u32,u8,alloc::alloc::Global>",10,0.02307976366322009,6,0x0008a470
"laneflow-urban-harness.exe!alloc::collections::binary_heap::BinaryHeap<core::cmp::Reverse<laneflow_runtime::kernel::conflict_tick::ReadyCandidate>,alloc::alloc::Global>::push<core::cmp::Reverse<laneflow_runtime::kernel::conflict_tick::ReadyCandidate>,alloc::alloc::Global>",10,0.02307976366322009,10,0x00257b30
dxgmms2.sys!***unknown***,10,0.02307976366322009,1,0x00020878
dxgmms2.sys!***unknown***,10,0.02307976366322009,0,0x0002064c
dxgmms2.sys!***unknown***,10,0.02307976366322009,0,0x0001ff1f
dxgmms2.sys!***unknown***,10,0.02307976366322009,0,0x0001fc65
dxgmms2.sys!***unknown***,10,0.02307976366322009,0,0x000150da
dxgmms2.sys!***unknown***,10,0.02307976366322009,0,0x000118f0
vcruntime140.dll!***unknown***,9,0.02077178729689808,9,0x0001db00
vcruntime140.dll!***unknown***,9,0.02077178729689808,9,0x0001c603
usbxhci.sys!***unknown***,9,0.02077178729689808,0,0x000292d6
usbxhci.sys!***unknown***,9,0.02077178729689808,0,0x00014d88
usbxhci.sys!***unknown***,9,0.02077178729689808,0,0x000148a0
usbxhci.sys!***unknown***,9,0.02077178729689808,0,0x0000872a
usbxhci.sys!***unknown***,9,0.02077178729689808,0,0x00008516
usbxhci.sys!***unknown***,9,0.02077178729689808,0,0x00007271
usbxhci.sys!***unknown***,9,0.02077178729689808,0,0x0000703c
nvlddmkm.sys!***unknown***,9,0.02077178729689808,0,0x00dd1b06
nvlddmkm.sys!***unknown***,9,0.02077178729689808,0,0x00dd1169
nvlddmkm.sys!***unknown***,9,0.02077178729689808,9,0x0010896e
nvlddmkm.sys!***unknown***,9,0.02077178729689808,0,0x000ff70b
ntkrnlmp.exe!***unknown***,9,0.02077178729689808,0,0x005518e1
ntkrnlmp.exe!***unknown***,9,0.02077178729689808,0,0x00440ec6
ntkrnlmp.exe!***unknown***,9,0.02077178729689808,0,0x003c7efe
ntkrnlmp.exe!***unknown***,9,0.02077178729689808,0,0x002c96ca
ntkrnlmp.exe!***unknown***,9,0.02077178729689808,9,0x002b2e6c
ntkrnlmp.exe!***unknown***,9,0.02077178729689808,0,0x002af0e1
ntkrnlmp.exe!***unknown***,9,0.02077178729689808,0,0x002aa974
ntkrnlmp.exe!***unknown***,9,0.02077178729689808,9,0x0027ed72
ntkrnlmp.exe!***unknown***,9,0.02077178729689808,0,0x0021fd85
ntdll.dll!***unknown***,9,0.02077178729689808,0,0x0007618f
ntdll.dll!***unknown***,9,0.02077178729689808,9,0x000471d5
laneflow-urban-harness.exe!laneflow_urban_harness::runner::impl$39::clone,9,0.02077178729689808,0,0x00137650
laneflow-urban-harness.exe!laneflow_runtime::kernel::spawn_overlap::impl$2::indexed_overlap_blocker::closure$0,9,0.02077178729689808,9,0x0025eb00
laneflow-urban-harness.exe!alloc::string::impl$6::clone,9,0.02077178729689808,1,0x003282d0
"laneflow-urban-harness.exe!alloc::collections::btree::map::impl$93::eq<u32,u8,alloc::alloc::Global>",9,0.02077178729689808,9,0x0008cf90
"laneflow-urban-harness.exe!alloc::collections::btree::map::BTreeMap<u32,alloc::collections::btree::set_val::SetValZST,alloc::alloc::Global>::insert<u32,alloc::collections::btree::set_val::SetValZST,alloc::alloc::Global>",9,0.02077178729689808,6,0x00084c30
"laneflow-urban-harness.exe!alloc::collections::btree::map::BTreeMap<alloc::string::String,u64,alloc::alloc::Global>::entry<alloc::string::String,u64,alloc::alloc::Global>",9,0.02077178729689808,1,0x00084030
dxgmms2.sys!***unknown***,9,0.02077178729689808,0,0x00022a11
vcruntime140.dll!***unknown***,8,0.01846381093057607,8,0x0001e490
usbxhci.sys!***unknown***,8,0.01846381093057607,0,0x00014167
nvlddmkm.sys!***unknown***,8,0.01846381093057607,0,0x00d537c2
nvlddmkm.sys!***unknown***,8,0.01846381093057607,8,0x00cf3317
nvlddmkm.sys!***unknown***,8,0.01846381093057607,0,0x00996341
nvlddmkm.sys!***unknown***,8,0.01846381093057607,0,0x006f9174
nvlddmkm.sys!***unknown***,8,0.01846381093057607,0,0x0016ff15
nvlddmkm.sys!***unknown***,8,0.01846381093057607,8,0x00129ed7
nvlddmkm.sys!***unknown***,8,0.01846381093057607,8,0x00125198
nvlddmkm.sys!***unknown***,8,0.01846381093057607,0,0x0010b9b9
nvlddmkm.sys!***unknown***,8,0.01846381093057607,8,0x0010894e
ntkrnlmp.exe!***unknown***,8,0.01846381093057607,0,0x00980a78
ntkrnlmp.exe!***unknown***,8,0.01846381093057607,8,0x005513b2
ntkrnlmp.exe!***unknown***,8,0.01846381093057607,8,0x00440d8b
ntkrnlmp.exe!***unknown***,8,0.01846381093057607,0,0x0043f24d
ntkrnlmp.exe!***unknown***,8,0.01846381093057607,0,0x0036094b
ntkrnlmp.exe!***unknown***,8,0.01846381093057607,0,0x0032d879
ntkrnlmp.exe!***unknown***,8,0.01846381093057607,0,0x002f6644
ntkrnlmp.exe!***unknown***,8,0.01846381093057607,0,0x002cf2e4
ntkrnlmp.exe!***unknown***,8,0.01846381093057607,8,0x002af4ce
ntkrnlmp.exe!***unknown***,8,0.01846381093057607,0,0x002ab6b9
ntkrnlmp.exe!***unknown***,8,0.01846381093057607,0,0x002a54e7
ntkrnlmp.exe!***unknown***,8,0.01846381093057607,0,0x00259942
ntkrnlmp.exe!***unknown***,8,0.01846381093057607,8,0x00242455
ntkrnlmp.exe!***unknown***,8,0.01846381093057607,6,0x00220e40
ntkrnlmp.exe!***unknown***,8,0.01846381093057607,0,0x0021fe54
ntdll.dll!***unknown***,8,0.01846381093057607,0,0x00169d64
ntdll.dll!***unknown***,8,0.01846381093057607,0,0x00072266
ntdll.dll!***unknown***,8,0.01846381093057607,8,0x0006e7dc
ntdll.dll!***unknown***,8,0.01846381093057607,8,0x0006294b
ntdll.dll!***unknown***,8,0.01846381093057607,0,0x00047d3f
ntdll.dll!***unknown***,8,0.01846381093057607,8,0x000471c6
NDIS.SYS!***unknown***,8,0.01846381093057607,0,0x00066165
mtkwl6ex.sys!***unknown***,8,0.01846381093057607,0,0x0014748d
mtkwl6ex.sys!***unknown***,8,0.01846381093057607,0,0x0004c758
laneflow-urban-harness.exe!laneflow_runtime::kernel::state::WorldState::parking_facility_counts,8,0.01846381093057607,6,0x00242ad0
laneflow-urban-harness.exe!laneflow_runtime::kernel::boundary::Workspace::all_clear,8,0.01846381093057607,8,0x0025af40
laneflow-urban-harness.exe!laneflow_runtime::facade::TrafficWorld::committed_signal_groups,8,0.01846381093057607,0,0x002039b0
laneflow-urban-harness.exe!core::ptr::drop_glue<enum2$<laneflow_runtime::kernel::execution::DispatchSlot<enum2$<laneflow_runtime::kernel::conflict_tick::CandidateReport> > > >,8,0.01846381093057607,8,0x00212fb0
"laneflow-urban-harness.exe!core::iter::adapters::chain::impl$1::try_fold<core::ops::range::Range<usize>,core::ops::range::Range<usize>,tuple$<>,core::iter::adapters::filter::filter_try_fold::closure_env$0<usize,tuple$<>,enum2$<core::ops::control_flow::ControlFlow<rayon_core::job::JobRef,tuple$<> > >,rayon_core::registry::impl$10::steal::closure_env$0,core::iter::traits::iterator::Iterator::find_map::check::closure_env$0<usize,rayon_core::job::JobRef,rayon_core::registry::impl$10::steal::closure_env$1> >,enum2$<core::ops::control_flow::ControlFlow<rayon_core::job::JobRef,tuple$<> > > >",8,0.01846381093057607,3,0x002813f0
"laneflow-urban-harness.exe!alloc::vec::spec_from_iter_nested::impl$1::from_iter<tuple$<laneflow_static_contract::typed::Ordinal<laneflow_static_contract::typed::SignalGroupKind>,laneflow_static_contract::values::SignalAspect>,core::iter::adapters::map::Map<core::iter::adapters::enumerate::Enumerate<core::slice::iter::Iter<laneflow_static_contract::values::SignalAspect> >,laneflow_runtime::kernel::world::impl$3::committed_signal_groups::closure_env$0> >",8,0.01846381093057607,2,0x00236f90
"laneflow-urban-harness.exe!alloc::vec::spec_from_iter::impl$0::from_iter<tuple$<u32,u8>,core::iter::adapters::GenericShunt<core::iter::adapters::map::Map<core::slice::iter::Iter<tuple$<laneflow_static_contract::typed::Ordinal<laneflow_static_contract::typed::SignalGroupKind>,laneflow_static_contract::values::SignalAspect> >,laneflow_urban_harness::runner::signal_signature::closure_env$0>,enum2$<core::result::Result<enum2$<core::convert::Infallible>,enum2$<laneflow_urban_harness::Error> > > > >",8,0.01846381093057607,2,0x00019270
dxgmms2.sys!***unknown***,8,0.01846381093057607,0,0x0002081d
dxgmms2.sys!***unknown***,8,0.01846381093057607,0,0x00012ce5
dxgmms2.sys!***unknown***,8,0.01846381093057607,0,0x00012c27
vcruntime140.dll!***unknown***,7,0.01615583456425406,7,0x0001f010
vcruntime140.dll!***unknown***,7,0.01615583456425406,7,0x0001c63d
nvlddmkm.sys!***unknown***,7,0.01615583456425406,0,0x00dd0efa
nvlddmkm.sys!***unknown***,7,0.01615583456425406,7,0x00da71f7
nvlddmkm.sys!***unknown***,7,0.01615583456425406,0,0x00d7e244
nvlddmkm.sys!***unknown***,7,0.01615583456425406,0,0x006f8fed
nvlddmkm.sys!***unknown***,7,0.01615583456425406,0,0x0030a168
nvlddmkm.sys!***unknown***,7,0.01615583456425406,0,0x0016fdd5
nvlddmkm.sys!***unknown***,7,0.01615583456425406,0,0x0016f895
nvlddmkm.sys!***unknown***,7,0.01615583456425406,1,0x0012cb97
nvlddmkm.sys!***unknown***,7,0.01615583456425406,7,0x00125b8e
nvlddmkm.sys!***unknown***,7,0.01615583456425406,0,0x000e941a
ntkrnlmp.exe!***unknown***,7,0.01615583456425406,0,0x00b91eaa
ntkrnlmp.exe!***unknown***,7,0.01615583456425406,0,0x008e8ecd
ntkrnlmp.exe!***unknown***,7,0.01615583456425406,7,0x00728d77
ntkrnlmp.exe!***unknown***,7,0.01615583456425406,1,0x0065d1ae
ntkrnlmp.exe!***unknown***,7,0.01615583456425406,0,0x0054baca
ntkrnlmp.exe!***unknown***,7,0.01615583456425406,0,0x0043f320
ntkrnlmp.exe!***unknown***,7,0.01615583456425406,0,0x003f9537
ntkrnlmp.exe!***unknown***,7,0.01615583456425406,0,0x00360abe
ntkrnlmp.exe!***unknown***,7,0.01615583456425406,0,0x002f5155
ntkrnlmp.exe!***unknown***,7,0.01615583456425406,7,0x002e63c6
ntkrnlmp.exe!***unknown***,7,0.01615583456425406,0,0x002d5043
ntkrnlmp.exe!***unknown***,7,0.01615583456425406,7,0x002b2e04
ntkrnlmp.exe!***unknown***,7,0.01615583456425406,0,0x002b04ad
ntkrnlmp.exe!***unknown***,7,0.01615583456425406,7,0x002a7c43
ntkrnlmp.exe!***unknown***,7,0.01615583456425406,0,0x0025cfe4
ntkrnlmp.exe!***unknown***,7,0.01615583456425406,0,0x00259c42
ntkrnlmp.exe!***unknown***,7,0.01615583456425406,7,0x00242415
ntkrnlmp.exe!***unknown***,7,0.01615583456425406,0,0x0021abbd
ntkrnlmp.exe!***unknown***,7,0.01615583456425406,0,0x0021661e
ntkrnlmp.exe!***unknown***,7,0.01615583456425406,7,0x00215fda
ntdll.dll!***unknown***,7,0.01615583456425406,7,0x0016ec84
ntdll.dll!***unknown***,7,0.01615583456425406,7,0x0006e7e2
ntdll.dll!***unknown***,7,0.01615583456425406,7,0x00062955
ntdll.dll!***unknown***,7,0.01615583456425406,7,0x00062831
ntdll.dll!***unknown***,7,0.01615583456425406,7,0x0004712d
ntdll.dll!***unknown***,7,0.01615583456425406,7,0x00046a43
ntdll.dll!***unknown***,7,0.01615583456425406,7,0x0001c904
mtkwl6ex.sys!***unknown***,7,0.01615583456425406,0,0x00146e04
mtkwl6ex.sys!***unknown***,7,0.01615583456425406,7,0x00046f76
msgpioclx.sys!***unknown***,7,0.01615583456425406,0,0x00013526
laneflow-urban-harness.exe!std::sys::stdio::windows::write,7,0.01615583456425406,0,0x0031aa30
laneflow-urban-harness.exe!std::io::Write::write_all<std::sys::stdio::windows::Stderr>,7,0.01615583456425406,0,0x00321360
laneflow-urban-harness.exe!std::io::stdio::impl$26::write_fmt,7,0.01615583456425406,0,0x0031ff60
laneflow-urban-harness.exe!std::io::stdio::_eprint,7,0.01615583456425406,0,0x00316f10
laneflow-urban-harness.exe!std::io::default_write_fmt::impl$0::write_str<std::io::stdio::StderrLock>,7,0.01615583456425406,0,0x0031da30
"laneflow-urban-harness.exe!crossbeam_epoch::default::with_handle<crossbeam_epoch::default::pin::closure_env$0,crossbeam_epoch::guard::Guard>",7,0.01615583456425406,4,0x002860a0
"laneflow-urban-harness.exe!core::slice::sort::shared::smallsort::insertion_sort_shift_left<laneflow_runtime::kernel::conflict::DownstreamInterval,bool (*)(ref$<laneflow_runtime::kernel::conflict::DownstreamInterval>,ref$<laneflow_runtime::kernel::conflict::DownstreamInterval>)>",7,0.01615583456425406,7,0x00273860
"laneflow-urban-harness.exe!alloc::collections::btree::node::NodeRef<enum2$<alloc::collections::btree::node::marker::Owned>,u32,u8,enum2$<alloc::collections::btree::node::marker::LeafOrInternal> >::bulk_push<u32,u8,alloc::collections::btree::dedup_sorted_iter::DedupSortedIter<u32,u8,alloc::vec::into_iter::IntoIter<tuple$<u32,u8>,alloc::alloc::Global> >,alloc::alloc::Global>",7,0.01615583456425406,5,0x001942b0
dxgmms2.sys!***unknown***,7,0.01615583456425406,0,0x0002393a
dxgmms2.sys!***unknown***,7,0.01615583456425406,0,0x0000e7eb
dxgmms2.sys!***unknown***,7,0.01615583456425406,0,0x00005c68
wdf01000.sys!***unknown***,6,0.013847858197932054,0,0x00022c1b
wdf01000.sys!***unknown***,6,0.013847858197932054,0,0x0000cc0d
wdf01000.sys!***unknown***,6,0.013847858197932054,0,0x00012319
wdf01000.sys!***unknown***,6,0.013847858197932054,0,0x00029b99
wdf01000.sys!***unknown***,6,0.013847858197932054,0,0x000290fd
wdf01000.sys!***unknown***,6,0.013847858197932054,0,0x0000de29
vcruntime140.dll!***unknown***,6,0.013847858197932054,6,0x0001c666
vcruntime140.dll!***unknown***,6,0.013847858197932054,6,0x0001c621
vcruntime140.dll!***unknown***,6,0.013847858197932054,6,0x0001c4b0
ucrtbase.dll!***unknown***,6,0.013847858197932054,6,0x000f6090
refs.sys!***unknown***,6,0.013847858197932054,0,0x00326277
nvlddmkm.sys!***unknown***,6,0.013847858197932054,0,0x00dfb9af
nvlddmkm.sys!***unknown***,6,0.013847858197932054,0,0x00dec815
nvlddmkm.sys!***unknown***,6,0.013847858197932054,0,0x00debdf7
nvlddmkm.sys!***unknown***,6,0.013847858197932054,0,0x00dd13f2
nvlddmkm.sys!***unknown***,6,0.013847858197932054,0,0x00dd1006
nvlddmkm.sys!***unknown***,6,0.013847858197932054,0,0x00d5bc63
nvlddmkm.sys!***unknown***,6,0.013847858197932054,0,0x0098e918
nvlddmkm.sys!***unknown***,6,0.013847858197932054,0,0x00315d58
nvlddmkm.sys!***unknown***,6,0.013847858197932054,0,0x00315d18
nvlddmkm.sys!***unknown***,6,0.013847858197932054,0,0x0030a15b
nvlddmkm.sys!***unknown***,6,0.013847858197932054,6,0x00123fbe
nvlddmkm.sys!***unknown***,6,0.013847858197932054,0,0x00100dfc
nvlddmkm.sys!***unknown***,6,0.013847858197932054,6,0x000ff53e
nvlddmkm.sys!***unknown***,6,0.013847858197932054,6,0x000ff52f
nvlddmkm.sys!***unknown***,6,0.013847858197932054,6,0x0001f3e0
ntkrnlmp.exe!***unknown***,6,0.013847858197932054,0,0x00735bb1
ntkrnlmp.exe!***unknown***,6,0.013847858197932054,1,0x00730c06
ntkrnlmp.exe!***unknown***,6,0.013847858197932054,0,0x0072f9c7
ntkrnlmp.exe!***unknown***,6,0.013847858197932054,1,0x0065cc08
ntkrnlmp.exe!***unknown***,6,0.013847858197932054,4,0x0065c373
ntkrnlmp.exe!***unknown***,6,0.013847858197932054,6,0x00440ce3
ntkrnlmp.exe!***unknown***,6,0.013847858197932054,6,0x00431bf1
ntkrnlmp.exe!***unknown***,6,0.013847858197932054,6,0x00425384
ntkrnlmp.exe!***unknown***,6,0.013847858197932054,0,0x003de850
ntkrnlmp.exe!***unknown***,6,0.013847858197932054,0,0x003a2f93
ntkrnlmp.exe!***unknown***,6,0.013847858197932054,6,0x0037ac63
ntkrnlmp.exe!***unknown***,6,0.013847858197932054,5,0x00366625
ntkrnlmp.exe!***unknown***,6,0.013847858197932054,6,0x0033b624
ntkrnlmp.exe!***unknown***,6,0.013847858197932054,0,0x002ef700
ntkrnlmp.exe!***unknown***,6,0.013847858197932054,0,0x002b3211
ntkrnlmp.exe!***unknown***,6,0.013847858197932054,5,0x002b2e21
ntkrnlmp.exe!***unknown***,6,0.013847858197932054,6,0x00282c93
ntkrnlmp.exe!***unknown***,6,0.013847858197932054,0,0x0025c906
ntkrnlmp.exe!***unknown***,6,0.013847858197932054,6,0x002598e5
ntkrnlmp.exe!***unknown***,6,0.013847858197932054,2,0x00256893
ntkrnlmp.exe!***unknown***,6,0.013847858197932054,6,0x0024f25b
ntkrnlmp.exe!***unknown***,6,0.013847858197932054,6,0x002424f3
ntkrnlmp.exe!***unknown***,6,0.013847858197932054,0,0x00214b1c
ntkrnlmp.exe!***unknown***,6,0.013847858197932054,0,0x002037fd
ntdll.dll!***unknown***,6,0.013847858197932054,6,0x0006292c
ntdll.dll!***unknown***,6,0.013847858197932054,6,0x000457d8
ntdll.dll!***unknown***,6,0.013847858197932054,0,0x00044ef3
NDIS.SYS!***unknown***,6,0.013847858197932054,0,0x00061411
mtkwl6ex.sys!***unknown***,6,0.013847858197932054,1,0x00048b0c
msgpioclx.sys!***unknown***,6,0.013847858197932054,0,0x00014245
laneflow-urban-harness.exe!laneflow_static_network::relations::SharedRelationClosure::signal_controller,6,0.013847858197932054,6,0x0028cab0
laneflow-urban-harness.exe!laneflow_runtime::kernel::conflict::ConflictRead::authority_owners_valid<laneflow_runtime::kernel::world::impl$3::conflict_state_valid::closure_env$1>,6,0.013847858197932054,0,0x0024a590
laneflow-urban-harness.exe!crossbeam_deque::deque::Injector<rayon_core::job::JobRef>::steal<rayon_core::job::JobRef>,6,0.013847858197932054,6,0x00287030
laneflow-urban-harness.exe!alloc::raw_vec::RawVecInner<alloc::alloc::Global>::try_allocate_in<alloc::alloc::Global>,6,0.013847858197932054,0,0x00069810
dxgmms2.sys!***unknown***,6,0.013847858197932054,0,0x00039bfc
dxgmms2.sys!***unknown***,6,0.013847858197932054,0,0x000149c0
dxgmms2.sys!***unknown***,6,0.013847858197932054,0,0x00010aef
dxgkrnl.sys!***unknown***,6,0.013847858197932054,0,0x0002cf4b
bthusb.sys!***unknown***,6,0.013847858197932054,0,0x0000258d
bthusb.sys!***unknown***,6,0.013847858197932054,0,0x00002506
bthport.sys!***unknown***,6,0.013847858197932054,0,0x000b2e40
bthport.sys!***unknown***,6,0.013847858197932054,0,0x000b2d96
bthport.sys!***unknown***,6,0.013847858197932054,0,0x000b251e
bthport.sys!***unknown***,6,0.013847858197932054,0,0x000a90c7
bthport.sys!***unknown***,6,0.013847858197932054,0,0x000a8dcf
bthport.sys!***unknown***,6,0.013847858197932054,0,0x000a8d94
amdi2c.sys!***unknown***,6,0.013847858197932054,0,0x00005ea7
wdf01000.sys!***unknown***,5,0.011539881831610045,0,0x0000dedb
wdf01000.sys!***unknown***,5,0.011539881831610045,0,0x0000bc6a
vcruntime140.dll!***unknown***,5,0.011539881831610045,5,0x0001e4cd
vcruntime140.dll!***unknown***,5,0.011539881831610045,5,0x0001c5fb
vcruntime140.dll!***unknown***,5,0.011539881831610045,5,0x0001c44e
ucrtbase.dll!***unknown***,5,0.011539881831610045,5,0x000f6020
tcpip.sys!***unknown***,5,0.011539881831610045,0,0x0008b4c8
SPBCx.sys!***unknown***,5,0.011539881831610045,0,0x0000cb5d
refs.sys!***unknown***,5,0.011539881831610045,0,0x0030585e
refs.sys!***unknown***,5,0.011539881831610045,0,0x0006b5f8
refs.sys!***unknown***,5,0.011539881831610045,0,0x0001a119
nvlddmkm.sys!***unknown***,5,0.011539881831610045,0,0x00dd103a
nvlddmkm.sys!***unknown***,5,0.011539881831610045,0,0x00dcd33b
nvlddmkm.sys!***unknown***,5,0.011539881831610045,5,0x00da71f0
nvlddmkm.sys!***unknown***,5,0.011539881831610045,0,0x00d868b7
nvlddmkm.sys!***unknown***,5,0.011539881831610045,0,0x00d641f1
nvlddmkm.sys!***unknown***,5,0.011539881831610045,0,0x00d53528
nvlddmkm.sys!***unknown***,5,0.011539881831610045,0,0x00d4d54c
nvlddmkm.sys!***unknown***,5,0.011539881831610045,0,0x00d4c4a5
nvlddmkm.sys!***unknown***,5,0.011539881831610045,5,0x006f9140
nvlddmkm.sys!***unknown***,5,0.011539881831610045,0,0x006f89d2
nvlddmkm.sys!***unknown***,5,0.011539881831610045,0,0x00315cd8
nvlddmkm.sys!***unknown***,5,0.011539881831610045,5,0x00309953
nvlddmkm.sys!***unknown***,5,0.011539881831610045,0,0x002b3980
nvlddmkm.sys!***unknown***,5,0.011539881831610045,0,0x00170021
nvlddmkm.sys!***unknown***,5,0.011539881831610045,0,0x0016f94f
nvlddmkm.sys!***unknown***,5,0.011539881831610045,5,0x0012d441
nvlddmkm.sys!***unknown***,5,0.011539881831610045,0,0x0012af9f
nvlddmkm.sys!***unknown***,5,0.011539881831610045,0,0x00128877
nvlddmkm.sys!***unknown***,5,0.011539881831610045,0,0x001280f4
nvlddmkm.sys!***unknown***,5,0.011539881831610045,5,0x001251e6
nvlddmkm.sys!***unknown***,5,0.011539881831610045,0,0x0010b6e7
nvlddmkm.sys!***unknown***,5,0.011539881831610045,5,0x00106691
nvlddmkm.sys!***unknown***,5,0.011539881831610045,0,0x000eadcd
nvlddmkm.sys!***unknown***,5,0.011539881831610045,0,0x000ea7ad
nvlddmkm.sys!***unknown***,5,0.011539881831610045,0,0x000dd6ea
ntkrnlmp.exe!***unknown***,5,0.011539881831610045,0,0x00c1a509
ntkrnlmp.exe!***unknown***,5,0.011539881831610045,0,0x00a073bd
ntkrnlmp.exe!***unknown***,5,0.011539881831610045,0,0x0097a23e
ntkrnlmp.exe!***unknown***,5,0.011539881831610045,5,0x00738b5e
ntkrnlmp.exe!***unknown***,5,0.011539881831610045,5,0x0065d27d
ntkrnlmp.exe!***unknown***,5,0.011539881831610045,0,0x0065c6b6
ntkrnlmp.exe!***unknown***,5,0.011539881831610045,0,0x00550561
ntkrnlmp.exe!***unknown***,5,0.011539881831610045,5,0x0043cc40
ntkrnlmp.exe!***unknown***,5,0.011539881831610045,0,0x0042755d
ntkrnlmp.exe!***unknown***,5,0.011539881831610045,2,0x003c874e
ntkrnlmp.exe!***unknown***,5,0.011539881831610045,0,0x003a280d
ntkrnlmp.exe!***unknown***,5,0.011539881831610045,0,0x00372ccf
ntkrnlmp.exe!***unknown***,5,0.011539881831610045,0,0x002f4047
ntkrnlmp.exe!***unknown***,5,0.011539881831610045,0,0x002ec41e
ntkrnlmp.exe!***unknown***,5,0.011539881831610045,0,0x002d51eb
ntkrnlmp.exe!***unknown***,5,0.011539881831610045,0,0x002d512a
ntkrnlmp.exe!***unknown***,5,0.011539881831610045,0,0x002c9e49
ntkrnlmp.exe!***unknown***,5,0.011539881831610045,5,0x002b2e33
ntkrnlmp.exe!***unknown***,5,0.011539881831610045,5,0x002b2dfb
ntkrnlmp.exe!***unknown***,5,0.011539881831610045,5,0x002a7e17
ntkrnlmp.exe!***unknown***,5,0.011539881831610045,0,0x002797cd
ntkrnlmp.exe!***unknown***,5,0.011539881831610045,5,0x00259913
ntkrnlmp.exe!***unknown***,5,0.011539881831610045,5,0x0025986a
ntkrnlmp.exe!***unknown***,5,0.011539881831610045,1,0x002596f3
ntkrnlmp.exe!***unknown***,5,0.011539881831610045,5,0x00256dc7
ntkrnlmp.exe!***unknown***,5,0.011539881831610045,0,0x002566da
ntkrnlmp.exe!***unknown***,5,0.011539881831610045,5,0x0021c00e
ntkrnlmp.exe!***unknown***,5,0.011539881831610045,5,0x00219101
ntkrnlmp.exe!***unknown***,5,0.011539881831610045,0,0x00213353
ntdll.dll!***unknown***,5,0.011539881831610045,0,0x00071ed8
ntdll.dll!***unknown***,5,0.011539881831610045,5,0x000627e0
ntdll.dll!***unknown***,5,0.011539881831610045,5,0x0004866e
ntdll.dll!***unknown***,5,0.011539881831610045,0,0x00047f87
ntdll.dll!***unknown***,5,0.011539881831610045,5,0x00047665
ntdll.dll!***unknown***,5,0.011539881831610045,5,0x00047193
ntdll.dll!***unknown***,5,0.011539881831610045,5,0x0004710c
ntdll.dll!***unknown***,5,0.011539881831610045,5,0x00046b2f
ntdll.dll!***unknown***,5,0.011539881831610045,0,0x000460dc
mtkwl6ex.sys!***unknown***,5,0.011539881831610045,0,0x001475fd
laneflow-urban-harness.exe!std::time::Instant::now,5,0.011539881831610045,4,0x00306ee0
"laneflow-urban-harness.exe!serde_json::value::ser::impl$0::serialize<ref_mut$<serde_json::ser::Serializer<ref_mut$<alloc::vec::Vec<u8,alloc::alloc::Global> >,serde_json::ser::CompactFormatter> > >",5,0.011539881831610045,5,0x000646c0
laneflow-urban-harness.exe!laneflow_static_network::relations::SharedRelationClosure::parking_facility,5,0.011539881831610045,5,0x0028c860
laneflow-urban-harness.exe!laneflow_runtime::kernel::state::WorldState::ensure_current_occupancy,5,0.011539881831610045,0,0x00244020
laneflow-urban-harness.exe!_RNvCs6rREvFdRhLb_7___rustc35___rust_no_alloc_shim_is_unstable_v2,5,0.011539881831610045,5,0x0000b170
dxgmms2.sys!***unknown***,5,0.011539881831610045,0,0x0002d07d
dxgmms2.sys!***unknown***,5,0.011539881831610045,0,0x00020a0c
dxgmms2.sys!***unknown***,5,0.011539881831610045,0,0x00012c84
dxgmms2.sys!***unknown***,5,0.011539881831610045,0,0x00012c01
dxgmms2.sys!***unknown***,5,0.011539881831610045,0,0x00010864
dxgmms2.sys!***unknown***,5,0.011539881831610045,0,0x0000f5e6
dxgkrnl.sys!***unknown***,5,0.011539881831610045,0,0x0000c9e2
bthusb.sys!***unknown***,5,0.011539881831610045,0,0x00002218
bthport.sys!***unknown***,5,0.011539881831610045,0,0x000b2028
bthport.sys!***unknown***,5,0.011539881831610045,0,0x00012d97
bthport.sys!***unknown***,5,0.011539881831610045,0,0x000124f9
bthport.sys!***unknown***,5,0.011539881831610045,0,0x00010ee7
amdi2c.sys!***unknown***,5,0.011539881831610045,0,0x000081aa
amdi2c.sys!***unknown***,5,0.011539881831610045,0,0x00005d28
