start_s,end_s,laneflow-urban-harness.exe (22568)-16764,laneflow-urban-harness.exe (22568)-26420,laneflow-urban-harness.exe (22568)-9712,laneflow-urban-harness.exe (22568)-5704
5.0,6.0,0.994357,0.081617,0.082501,0.083069
6.0,7.0,0.993526,0.094411,0.095736,0.091276
7.0,8.0,0.995587,0.087294,0.088005,0.085681
8.0,9.0,0.989947,0.099691,0.09895,0.100371
9.0,10.0,0.99666,0.086369,0.085161,0.085653
10.0,11.0,0.990753,0.078978,0.077786,0.077487
11.0,12.0,0.986192,0.088017,0.099385,0.087741
12.0,13.0,0.993028,0.089625,0.087252,0.087825
13.0,14.0,0.992009,0.098258,0.096007,0.093874
14.0,15.0,0.991581,0.083018,0.087677,0.082974
15.0,16.0,0.995408,0.055437,0.053502,0.05319
16.0,17.0,0.99305,0.08556,0.089864,0.085839
17.0,18.0,0.991851,0.087488,0.091804,0.085081
18.0,19.0,0.985829,0.082288,0.080588,0.076962
19.0,20.0,0.994322,0.080863,0.081632,0.081179
20.0,21.0,0.994179,0.08944,0.08894,0.08767
21.0,22.0,0.992062,0.084198,0.084619,0.08426
22.0,23.0,0.992553,0.094899,0.092879,0.095886
23.0,24.0,0.994026,0.070902,0.071351,0.075365
24.0,25.0,0.994996,0.093527,0.091554,0.091825
25.0,26.0,0.995431,0.080917,0.077675,0.077811
26.0,27.0,0.994374,0.087451,0.086657,0.085765
27.0,28.0,0.99581,0.081231,0.081296,0.083666
28.0,29.0,0.992877,0.095851,0.091069,0.092789
29.0,30.0,0.994223,0.093941,0.091217,0.091976
30.0,31.0,0.995543,0.091792,0.089771,0.090419
31.0,32.0,0.994312,0.06218,0.064971,0.062731
32.0,33.0,0.996189,0.090251,0.091717,0.090964
33.0,34.0,0.996037,0.064891,0.065714,0.06545
34.0,35.0,0.997709,0.078737,0.079568,0.078295
35.0,36.0,0.993956,0.083293,0.081893,0.082279
36.0,37.0,0.996043,0.090868,0.089744,0.089575
37.0,38.0,0.997809,0.070728,0.075619,0.072036
38.0,39.0,0.996004,0.089742,0.088518,0.08869
39.0,40.0,0.990986,0.080968,0.078703,0.080048
