"start_s","end_s","laneflow-urban-harness.exe (11984)-11496","laneflow-urban-harness.exe (11984)-45248","laneflow-urban-harness.exe (11984)-11648","laneflow-urban-harness.exe (11984)-2136"
"0","1","0.819796","0.087468","0.087275","0.088867"
"1","2","0.987858","0.089066","0.087767","0.08889"
"2","3","0.99206","0.103503","0.101667","0.103042"
"3","4","0.988507","0.096628","0.095993","0.095639"
"4","5","0.990645","0.098683","0.098559","0.097445"
"5","6","0.985271","0.092775","0.091868","0.089916"
"6","7","0.988989","0.091871","0.091006","0.091866"
"7","8","0.991188","0.093908","0.093796","0.094252"
"8","9","0.991591","0.092934","0.091474","0.090679"
"9","10","0.991596","0.088788","0.090015","0.087434"
"10","11","0.99218","0.091814","0.091156","0.089593"
"11","12","0.990282","0.096683","0.095863","0.094844"
"12","13","0.991195","0.084575","0.083697","0.084367"
"13","14","0.991033","0.084579","0.085069","0.085375"
"14","15","0.992868","0.089664","0.090126","0.088566"
"15","16","0.991413","0.087944","0.088206","0.090384"
"16","17","0.990922","0.094058","0.09286","0.093407"
"17","18","0.992998","0.098105","0.095946","0.095404"
"18","19","0.989523","0.088315","0.087888","0.086721"
"19","20","0.990428","0.091296","0.090803","0.090152"
"20","21","0.988112","0.092592","0.088182","0.087815"
"21","22","0.991363","0.088796","0.089567","0.088589"
"22","23","0.992786","0.076231","0.074497","0.076064"
"23","24","0.989787","0.095722","0.094389","0.093445"
"24","25","0.990502","0.098141","0.099292","0.098744"
"25","26","0.991653","0.08018","0.081017","0.080327"
"26","27","0.986569","0.095147","0.096142","0.096303"
"27","28","0.990297","0.093847","0.096764","0.095281"
"28","29","0.990841","0.087598","0.084461","0.082319"
"29","30","0.989941","0.088363","0.087261","0.087408"
"30","31","0.989751","0.092756","0.091017","0.090963"
"31","32","0.984951","0.081117","0.080564","0.079279"
"32","33","0.984609","0.101146","0.099394","0.098094"
"33","34","0.982284","0.089096","0.087261","0.087116"
"34","35","0.987586","0.091825","0.092033","0.092764"
"35","36","0.984276","0.095301","0.090101","0.089001"
"36","37","0.989545","0.082131","0.077385","0.076876"
"37","38","0.987781","0.09505","0.090674","0.092384"
"38","39","0.987897","0.094299","0.089575","0.08847"
"39","40","0.988055","0.081448","0.081943","0.078804"
"40","41","0.984132","0.102439","0.09961","0.094711"
"41","42","0.988676","0.089291","0.083492","0.083899"
"42","43","0.98584","0.095238","0.095846","0.094041"
"43","44","0.988346","0.087894","0.088223","0.089119"
"44","45","0.986519","0.082629","0.080022","0.076628"
"45","46","0.985625","0.076594","0.077946","0.077599"
"46","47","0.986661","0.095977","0.091655","0.091979"
"47","48","0.987249","0.077738","0.079464","0.077742"
"48","49","0.987166","0.095431","0.093083","0.09211"
"49","50","0.984578","0.100031","0.095252","0.093604"
"50","51","0.991201","0.083118","0.082178","0.082781"
"51","52","0.987336","0.093843","0.089075","0.089591"
"52","53","0.97533","0.097038","0.095238","0.09854"
"53","54","0.985697","0.076962","0.075443","0.076951"
"54","55","0.989993","0.089354","0.088969","0.088629"
"55","56","0.981857","0.089393","0.087513","0.087658"
"56","57","0.987456","0.087798","0.083583","0.084693"
"57","58","0.983365","0.100835","0.091377","0.092179"
"58","59","0.988543","0.089397","0.088749","0.089171"
"59","60","0.99165","0.077234","0.072678","0.074203"
"60","61","0.990871","0.091977","0.090791","0.09065"
"61","62","0.986637","0.075655","0.075133","0.073359"
"62","63","0.988209","0.093538","0.089524","0.088294"
"63","64","0.988074","0.089573","0.092763","0.088239"
"64","65","0.99062","0.078207","0.076494","0.075776"
"65","66","0.990211","0.094087","0.090544","0.088885"
"66","67","0.988871","0.085696","0.082568","0.083973"
"67","68","0.98866","0.070836","0.067557","0.067886"
"68","69","0.987696","0.095513","0.091503","0.093178"
"69","70","0.98622","0.092253","0.092883","0.090081"
"70","71","0.994135","0.073815","0.07181","0.072618"
"71","72","0.990886","0.087872","0.086336","0.086905"
"72","73","0.993734","0.088196","0.088444","0.088456"
"73","74","0.991407","0.074655","0.073826","0.072629"
"74","75","0.994285","0.088854","0.087871","0.08824"
"75","76","0.993121","0.088917","0.08726","0.086479"
"76","77","0.991972","0.079288","0.078819","0.07752"
"77","78","0.986766","0.08254","0.081515","0.080286"
"78","79","0.979579","0.09003","0.086636","0.086714"
"79","80","0.985694","0.07301","0.071198","0.071159"
"80","81","0.994471","0.087384","0.084573","0.084303"
