"symbol","weight","process_percent"
"laneflow-urban-harness.exe!sha2::sha256::x86_sha::compress","16577378","7.323722921193939"
"laneflow-urban-harness.exe!core::hash::BuildHasher::hash_one<std::hash::random::RandomState","14391282","6.357927161265536"
"laneflow-urban-harness.exe!laneflow_runtime::kernel::phase::StepWorkspace::stage_vehicle_transitions","13200975","5.832061209535559"
"laneflow-urban-harness.exe!laneflow_runtime::facade::TrafficWorld::parking_binding","12146055","5.366007905808883"
"ntoskrnl.exe!""Unknown""","10412834","4.600287876670699"
"laneflow-urban-harness.exe!laneflow_urban_harness::observe::state","9871275","4.361032424965438"
"laneflow-urban-harness.exe!laneflow_runtime::kernel::state::WorldState::replace_completed_vehicle","9720306","4.294335802273373"
"laneflow-urban-harness.exe!std::hash::random::impl$4::write","7486298","3.3073729909210217"
"vcruntime140.dll!""Unknown""","7234248","3.196019774369711"
"laneflow-urban-harness.exe!laneflow_runtime::kernel::tick::MotionTaskView::vehicle_motion_outcome","6754328","2.9839958279808796"
"laneflow-urban-harness.exe!laneflow_runtime::kernel::phase::StepWorkspace::finalize_waiting_outputs","5653860","2.4978198648315533"
"laneflow-urban-harness.exe!laneflow_runtime::kernel::execution::run_dispatch_chunk<enum2$<laneflow_runtime::kernel::conflict_tick::CandidateReport>","5446477","2.406200090548433"
"laneflow-urban-harness.exe!laneflow_runtime::kernel::conflict::ConflictRead::owner_at","5402375","2.3867162597357137"
"laneflow-urban-harness.exe!laneflow_runtime::kernel::conflict::PreparedApproachEta::lower_bound","5228802","2.3100334116640586"
"ntdll.dll!""Unknown""","5153883","2.276934932668591"
"laneflow-urban-harness.exe!laneflow_runtime::kernel::occupancy::OccupancyIndex::leader_gap","4595397","2.03020129847349"
"laneflow-urban-harness.exe!laneflow_runtime::kernel::tick::si_comfort_travel","4260691","1.882331472252411"
"laneflow-urban-harness.exe!laneflow_runtime::kernel::conflict::ConflictResolution::insert_approach_owner_reduced","4260444","1.8822223500763022"
"laneflow-urban-harness.exe!laneflow_urban_harness::observe::counts","4136084","1.82728132246146"
"laneflow-urban-harness.exe!laneflow_runtime::kernel::phase::StepReadView::calculate_active_vehicle_motion","3713240","1.640472992767263"
"laneflow-urban-harness.exe!laneflow_urban_harness::observe::events","2913365","1.2870960672009881"
"laneflow-urban-harness.exe!laneflow_runtime::kernel::conflict::PreparedApproachEta::new","2761506","1.2200062512427834"
"laneflow-urban-harness.exe!laneflow_runtime::kernel::phase::StepReadView::preview_active_vehicle_with_waiting_stop","2644903","1.1684921901059753"
"laneflow-urban-harness.exe!laneflow_runtime::kernel::phase::StepReadView::waiting_preview_entry","2509513","1.1086782167321132"
"laneflow-urban-harness.exe!laneflow_runtime::facade::TrafficWorld::vehicle","2227259","0.9839811693824857"
"laneflow-urban-harness.exe!laneflow_runtime::kernel::phase::StepReadView::gate_policy_decision_with_signals","2060057","0.9101129665901341"
"laneflow-urban-harness.exe!core::slice::sort::unstable::quicksort::quicksort<tuple$<u32","2042083","0.9021722297748463"
"laneflow-urban-harness.exe!laneflow_static_network::relations::SharedRelationClosure::vehicle_profile","1952216","0.862469871068968"
"laneflow-urban-harness.exe!core::slice::sort::shared::smallsort::small_sort_general<tuple$<u32","1897984","0.8385107056652359"
"laneflow-urban-harness.exe!laneflow_runtime::kernel::tick::leader_query_horizon","1878391","0.8298547105377222"
"laneflow-urban-harness.exe!laneflow_runtime::kernel::phase::StepReadView::conflict_passage_occurrence_locator","1705781","0.7535973064158348"
"laneflow-urban-harness.exe!laneflow_runtime::kernel::occupancy::rebuild_occupancy_index","1693969","0.7483788807308355"
"laneflow-urban-harness.exe!laneflow_runtime::kernel::phase::CommittedStateMut::commit","1621912","0.7165448052496302"
"laneflow-urban-harness.exe!laneflow_runtime::kernel::waiting::prepare_waiting_previews_dispatched","1549083","0.6843696677443122"
"laneflow-urban-harness.exe!laneflow_runtime::kernel::tick::impl$5::vehicle_motion_outcome::closure$3","1347263","0.5952075722696624"
"laneflow-urban-harness.exe!laneflow_urban_harness::observe::red_waiters","1332371","0.5886284328097054"
"laneflow-urban-harness.exe!laneflow_urban_harness::observe::Hash::flush","1325470","0.5855796387314647"
"laneflow-urban-harness.exe!laneflow_urban_harness::observe::parking_invariants","1272117","0.5620088069018194"
"ucrtbase.dll!""Unknown""","1247956","0.5513347142015766"
"laneflow-urban-harness.exe!laneflow_urban_harness::observe::Hash::id","1220332","0.5391307020848799"
