"start_s","end_s","laneflow-urban-harness.exe (11984)-11496","laneflow-urban-harness.exe (11984)-45248","laneflow-urban-harness.exe (11984)-2136","laneflow-urban-harness.exe (11984)-11648"
"0","1","0","0","0","0"
"1","2","0","0","0","0"
"2","3","0","0","0","0"
"3","4","0","0","0","0"
"4","5","0","0","0","0"
"5","6","0","0","0","0"
"6","7","0","0","0","0"
"7","8","0","0","0","0"
"8","9","0","0","0","0"
"9","10","0","0","0","0"
"10","11","0","0","0","0"
"11","12","0","0","0","0"
"12","13","0","0","0","0"
"13","14","0","0","0","0"
"14","15","0","0","0","0"
"15","16","0","0","0","0"
"16","17","0","0","0","0"
"17","18","0","0","0","0"
"18","19","0","0","0","0"
"19","20","0","0","0","0"
"20","21","0","0","0","0"
"21","22","0","0","0","0"
"22","23","0","0","0","0"
"23","24","0","0","0","0"
"24","25","0","0","0","0"
"25","26","0","0","0","0"
"26","27","0","0","0","0"
"27","28","0","0","0","0"
"28","29","0","0","0","0"
"29","30","0","0","0","0"
"30","31","0","0","0","0"
"31","32","0","0","0","0"
"32","33","0","0","0","0"
"33","34","0","0","0","0"
"34","35","0","0","0","0"
"35","36","0","0","0","0"
"36","37","0","0","0","0"
"37","38","0","0","0","0"
"38","39","0","0","0","0"
"39","40","0","0","0","0"
"40","41","0","0","0","0"
"41","42","0","0","0","0"
"42","43","0.118786","0","0.004586","0.01267"
"43","44","0.48302","0.021721","0.056171","0.047347"
"44","45","0.97589","0.080653","0.078999","0.074693"
"45","46","0.982245","0.081535","0.077586","0.071492"
"46","47","0.986629","0.046471","0.047881","0.045058"
"47","48","0.982928","0.082366","0.080758","0.076734"
"48","49","0.9856","0.076284","0.081312","0.077835"
"49","50","0.982791","0.067904","0.062443","0.060051"
"50","51","0.985513","0.065523","0.063729","0.059168"
"51","52","0.976652","0.082852","0.078756","0.073892"
"52","53","0.982792","0.078752","0.078171","0.07495"
"53","54","0.982388","0.047804","0.049497","0.048419"
"54","55","0.983951","0.079464","0.078634","0.072765"
"55","56","0.984852","0.080255","0.080634","0.078255"
"56","57","0.980278","0.078692","0.081612","0.080851"
"57","58","0.979223","0.056465","0.056774","0.053716"
"58","59","0.983252","0.086891","0.087474","0.081697"
"59","60","0.984737","0.073871","0.075529","0.075394"
"60","61","0.983432","0.056206","0.056152","0.052142"
"61","62","0.984679","0.072335","0.071668","0.065047"
"62","63","0.984144","0.080168","0.081431","0.079576"
"63","64","0.979988","0.080624","0.078898","0.075663"
"64","65","0.983768","0.054206","0.054092","0.052149"
"65","66","0.982315","0.066778","0.065146","0.06535"
"66","67","0.982786","0.083224","0.079188","0.073255"
"67","68","0.983253","0.064737","0.064864","0.063599"
"68","69","0.983978","0.071614","0.069666","0.067718"
"69","70","0.979356","0.073465","0.073655","0.071362"
"70","71","0.978369","0.079152","0.079689","0.077105"
"71","72","0.982042","0.048611","0.049536","0.049857"
"72","73","0.979755","0.078596","0.082705","0.078448"
"73","74","0.984945","0.079168","0.078148","0.077887"
"74","75","0.981991","0.083946","0.07855","0.073074"
"75","76","0.986006","0.048971","0.04642","0.044899"
"76","77","0.982837","0.080508","0.079525","0.072872"
"77","78","0.97884","0.081658","0.077437","0.079169"
"78","79","0.981626","0.051853","0.045782","0.044592"
"79","80","0.983723","0.081534","0.079993","0.079482"
"80","81","0.982967","0.071974","0.073271","0.071748"
"81","82","0.976726","0.083813","0.08097","0.076693"
"82","83","0.982722","0.059717","0.05657","0.052246"
"83","84","0.984916","0.066962","0.066867","0.06277"
"84","85","0.983366","0.081076","0.080759","0.080382"
"85","86","0.980596","0.080983","0.08126","0.083182"
"86","87","0.98364","0.049469","0.046153","0.042981"
"87","88","0.978154","0.080053","0.080732","0.076144"
"88","89","0.98338","0.081866","0.078833","0.07999"
"89","90","0.978189","0.049925","0.05146","0.049072"
"90","91","0.982895","0.076398","0.077105","0.075455"
"91","92","0.982016","0.069873","0.069281","0.067263"
"92","93","0.982252","0.079292","0.079551","0.076425"
"93","94","0.98187","0.049127","0.046756","0.048836"
"94","95","0.978726","0.083912","0.08064","0.074763"
"95","96","0.9817","0.067239","0.066187","0.066218"
"96","97","0.98377","0.081148","0.078709","0.079744"
"97","98","0.978631","0.051044","0.049154","0.047035"
"98","99","0.982004","0.080044","0.07913","0.074003"
"99","100","0.985456","0.073382","0.075836","0.06859"
"100","101","0.981285","0.069935","0.066623","0.06535"
"101","102","0.977012","0.048958","0.050244","0.050195"
"102","103","0.982014","0.074075","0.073782","0.072041"
"103","104","0.98001","0.073216","0.074583","0.075956"
"104","105","0.980986","0.06408","0.067788","0.06306"
"105","106","0.968266","0.066215","0.066461","0.066664"
"106","107","0.981146","0.076031","0.073875","0.074579"
"107","108","0.979259","0.076273","0.073835","0.07506"
"108","109","0.982735","0.058325","0.059656","0.060193"
"109","110","0.978308","0.0705","0.07021","0.071278"
"110","111","0.983962","0.070787","0.070869","0.069993"
"111","112","0.974332","0.076373","0.074787","0.073317"
"112","113","0.983468","0.050013","0.046077","0.046062"
"113","114","0.969425","0.080609","0.08363","0.086081"
"114","115","0.979791","0.063341","0.06645","0.065936"
"115","116","0.971146","0.069624","0.070206","0.068697"
"116","117","0.980329","0.04567","0.050482","0.048575"
"117","118","0.975034","0.083737","0.08193","0.075803"
"118","119","0.982484","0.079904","0.081322","0.07641"
"119","120","0.978297","0.068702","0.068778","0.065455"
"120","121","0.98126","0.049979","0.048259","0.046151"
"121","122","0.973906","0.071643","0.071432","0.072504"
"122","123","0.981244","0.07444","0.074395","0.072518"
"123","124","0.981602","0.083353","0.081189","0.074997"
"124","125","0.984889","0.049545","0.04923","0.048874"
"125","126","0.972716","0.068325","0.068795","0.071985"
"126","127","0.979361","0.081003","0.079312","0.079325"
"127","128","0.981668","0.064607","0.066071","0.062469"
"128","129","0.980661","0.057587","0.05497","0.057019"
"129","130","0.974101","0.07466","0.071315","0.069111"
"130","131","0.984302","0.075809","0.078211","0.076449"
"131","132","0.982629","0.052643","0.052937","0.051114"
"132","133","0.982577","0.067985","0.061884","0.061476"
"133","134","0.984361","0.081348","0.080892","0.076322"
"134","135","0.983191","0.073714","0.07131","0.068131"
"135","136","0.982042","0.058149","0.054332","0.054741"
"136","137","0.978687","0.066157","0.064162","0.058949"
"137","138","0.98337","0.074639","0.071081","0.074389"
"138","139","0.983688","0.069765","0.071577","0.069223"
"139","140","0.957072","0.05215","0.050728","0.051268"
"140","141","0.982029","0.065852","0.064926","0.063"
"141","142","0.982751","0.082494","0.076872","0.075249"
"142","143","0.98296","0.079252","0.078829","0.077319"
"143","144","0.979682","0.049783","0.047727","0.048246"
"144","145","0.978457","0.063986","0.063905","0.065647"
"145","146","0.983775","0.080912","0.077765","0.077607"
"146","147","0.981165","0.070625","0.070799","0.072897"
"147","148","0.980159","0.049212","0.049652","0.051034"
"148","149","0.977743","0.077285","0.074253","0.074166"
"149","150","0.981769","0.080291","0.081348","0.079345"
"150","151","0.982222","0.064637","0.059437","0.06211"
"151","152","0.983061","0.047192","0.048229","0.047091"
"152","153","0.978154","0.070057","0.07408","0.067649"
"153","154","0.982062","0.068783","0.072072","0.070859"
"154","155","0.984312","0.060772","0.062816","0.062607"
"155","156","0.981028","0.064804","0.065013","0.064718"
"156","157","0.983515","0.081635","0.082466","0.078525"
"157","158","0.983294","0.072538","0.073518","0.068861"
"158","159","0.980756","0.055838","0.053648","0.05445"
"159","160","0.985667","0.064949","0.064941","0.059199"
"160","161","0.981242","0.07579","0.075104","0.071597"
"161","162","0.979561","0.06586","0.066724","0.066057"
"162","163","0.985471","0.050441","0.050519","0.048986"
"163","164","0.981773","0.084002","0.08371","0.080759"
"164","165","0.983505","0.075745","0.077707","0.075117"
"165","166","0.980685","0.071441","0.072455","0.073015"
"166","167","0.981941","0.051516","0.04942","0.045739"
"167","168","0.981708","0.082353","0.08056","0.078537"
"168","169","0.981898","0.06541","0.064629","0.061821"
"169","170","0.98191","0.079158","0.080833","0.080566"
"170","171","0.983596","0.047766","0.048694","0.045909"
"171","172","0.982561","0.081548","0.079263","0.077704"
"172","173","0.983127","0.082854","0.077647","0.076738"
"173","174","0.982403","0.049659","0.047276","0.047563"
"174","175","0.982385","0.052544","0.049453","0.048736"
"175","176","0.980352","0.081319","0.081316","0.079149"
"176","177","0.98381","0.079402","0.078422","0.074697"
"177","178","0.983104","0.049419","0.049518","0.04664"
"178","179","0.983445","0.064527","0.06378","0.061588"
"179","180","0.980683","0.083841","0.0831","0.079703"
"180","181","0.982698","0.076165","0.077209","0.075416"
"181","182","0.981462","0.054397","0.053423","0.053267"
"182","183","0.982046","0.064789","0.065477","0.058843"
"183","184","0.981398","0.080449","0.077238","0.076964"
"184","185","0.983107","0.085889","0.07838","0.07518"
"185","186","0.985191","0.047473","0.0487","0.049377"
"186","187","0.982061","0.074311","0.07434","0.073333"
"187","188","0.984977","0.074008","0.072704","0.072163"
"188","189","0.982344","0.081881","0.079118","0.082489"
"189","190","0.980929","0.049686","0.050327","0.047799"
"190","191","0.980718","0.066191","0.070248","0.067643"
"191","192","0.982016","0.080804","0.079172","0.078519"
"192","193","0.983761","0.065434","0.065508","0.065346"
"193","194","0.981528","0.064086","0.057858","0.057351"
"194","195","0.98182","0.070399","0.069543","0.067726"
"195","196","0.981046","0.08132","0.079741","0.078637"
"196","197","0.982446","0.049462","0.050949","0.047907"
"197","198","0.980701","0.067798","0.063341","0.065725"
"198","199","0.980801","0.074113","0.074496","0.072802"
"199","200","0.980586","0.073903","0.076861","0.07008"
"200","201","0.981739","0.062469","0.059158","0.059553"
"201","202","0.980605","0.070754","0.07198","0.066466"
"202","203","0.981894","0.073878","0.076401","0.071755"
"203","204","0.980785","0.074324","0.076117","0.072673"
"204","205","0.984082","0.050262","0.050626","0.051803"
"205","206","0.9805","0.073346","0.071799","0.072362"
"206","207","0.97941","0.073683","0.072605","0.07112"
"207","208","0.983882","0.080125","0.083098","0.078544"
"208","209","0.982863","0.049128","0.048682","0.044675"
"209","210","0.982976","0.072789","0.069937","0.068455"
"210","211","0.979866","0.073415","0.076334","0.070334"
"211","212","0.984044","0.081903","0.082962","0.075736"
"212","213","0.981134","0.051126","0.050416","0.047315"
"213","214","0.981975","0.072644","0.072207","0.069299"
"214","215","0.981517","0.076731","0.0738","0.070552"
"215","216","0.981867","0.067635","0.066042","0.064943"
"216","217","0.983381","0.059148","0.057582","0.053062"
"217","218","0.983815","0.068908","0.070711","0.072994"
"218","219","0.9807","0.079419","0.082232","0.075507"
"219","220","0.983743","0.049624","0.048119","0.04692"
"220","221","0.981545","0.075233","0.074936","0.070026"
"221","222","0.978546","0.071187","0.067207","0.072416"
"222","223","0.98429","0.082692","0.080773","0.080997"
"223","224","0.982333","0.046967","0.046086","0.046795"
"224","225","0.97913","0.083496","0.080229","0.079896"
"225","226","0.981013","0.074535","0.0738","0.077002"
"226","227","0.982101","0.065179","0.068941","0.07057"
"227","228","0.985528","0.047833","0.051112","0.04716"
"228","229","0.983634","0.083263","0.079785","0.078296"
"229","230","0.977606","0.080408","0.08183","0.074571"
"230","231","0.98406","0.065215","0.063548","0.061795"
"231","232","0.986741","0.055909","0.057337","0.051738"
"232","233","0.982532","0.073464","0.074661","0.066354"
"233","234","0.980046","0.080361","0.080134","0.079682"
"234","235","0.982396","0.049409","0.050871","0.046747"
"235","236","0.980487","0.07678","0.072982","0.073988"
