active,parked,commands,success_percent,order,shape,group,digest,A_n,A_p50,A_p95,A_p99,A_max,B_n,B_p50,B_p95,B_p99,B_max,Acontrol_n,Acontrol_p50,Acontrol_p95,Acontrol_p99,Acontrol_max,p50_change_percent,aa_p50_change_percent,round1_change_percent,round1_aa_percent,round2_change_percent,round2_aa_percent,round3_change_percent,round3_aa_percent
128,64,1,0,0,normal,batch,0f62a49c14344b07f944543ca66c908b9bbf8593da1c5c3cc5ca63e71d2d986c,48,6500.0,11600,13200,13200,48,6400.0,15200,26200,26200,48,5800.0,7000,11300,11300,-1.538461538461533,-10.769230769230765,0.0,-4.761904761904767,10.769230769230775,-2.3076923076923106,0.7407407407407307,-40.74074074074075
128,64,1,0,0,normal,rejected,0f62a49c14344b07f944543ca66c908b9bbf8593da1c5c3cc5ca63e71d2d986c,48,6500.0,11600,13200,13200,48,6400.0,15200,26200,26200,48,5800.0,7000,11300,11300,-1.538461538461533,-10.769230769230765,0.0,-4.761904761904767,10.769230769230775,-2.3076923076923106,0.7407407407407307,-40.74074074074075
128,64,1,100,0,normal,batch,d2625c2af8645279d9107f610ce529c9e66fdc2870a88b7049d31b71a8a821da,48,9150.0,12500,14500,14500,48,7700.0,15000,16800,16800,48,6950.0,8200,10800,10800,-15.846994535519121,-24.04371584699454,12.5,-2.777777777777779,-1.273885350318471,-10.828025477707005,-33.920704845814974,-61.23348017621145
128,64,1,100,0,normal,cold_success,d2625c2af8645279d9107f610ce529c9e66fdc2870a88b7049d31b71a8a821da,48,9150.0,12500,14500,14500,48,7700.0,15000,16800,16800,48,6950.0,8200,10800,10800,-15.846994535519121,-24.04371584699454,12.5,-2.777777777777779,-1.273885350318471,-10.828025477707005,-33.920704845814974,-61.23348017621145
128,64,16,0,0,normal,batch,0f62a49c14344b07f944543ca66c908b9bbf8593da1c5c3cc5ca63e71d2d986c,48,23750.0,37800,40600,40600,48,26200.0,41000,51700,51700,48,23150.0,24400,27500,27500,10.315789473684212,-2.5263157894736876,12.93103448275863,0.0,1.7130620985010614,0.21413276231263545,31.11510791366907,-50.899280575539564
128,64,16,0,0,normal,rejected,0f62a49c14344b07f944543ca66c908b9bbf8593da1c5c3cc5ca63e71d2d986c,768,1200.0,5700,9500,16600,768,1200.0,5700,11200,15200,768,1100.0,4300,6000,9900,0.0,-8.333333333333337,0.0,0.0,0.0,0.0,38.46153846153846,-46.15384615384615
128,64,16,50,0,normal,batch,d486cbe8ff339db668321054ee2d372ae83b962840d45a2efcddd2719c9a5088,48,65700.0,106300,1845600,1845600,48,65350.0,110000,115200,115200,48,63850.0,74500,95200,95200,-0.5327245053272422,-2.815829528158298,3.0441400304414,-1.3698630136986356,-5.3787878787878824,-2.1212121212121238,19.786910197869112,-23.28767123287672
128,64,16,50,0,normal,cold_success,d486cbe8ff339db668321054ee2d372ae83b962840d45a2efcddd2719c9a5088,48,7450.0,11200,14300,14300,48,7700.0,15200,16800,16800,48,7200.0,12400,19400,19400,3.3557046979865834,-3.3557046979865723,5.555555555555558,0.0,2.0134228187919545,-2.684563758389258,6.451612903225801,-19.999999999999996
128,64,16,50,0,normal,warm_success,d486cbe8ff339db668321054ee2d372ae83b962840d45a2efcddd2719c9a5088,336,2400.0,2700,4400,1772000,336,2100.0,3400,4400,9200,336,2400.0,2500,3000,7700,-12.5,0.0,-12.5,0.0,-8.333333333333337,0.0,-12.5,-33.333333333333336
128,64,16,50,0,normal,rejected,d486cbe8ff339db668321054ee2d372ae83b962840d45a2efcddd2719c9a5088,384,4900.0,7600,13200,1774700,384,4900.0,8200,23200,45800,384,4900.0,7300,14200,27300,0.0,0.0,0.0,0.0,-2.0408163265306145,0.0,-2.0000000000000018,-36.0
128,64,16,100,0,normal,batch,1475d98c3ade160a0844b615bfd9dffab2efa40d2e4536cd57b37be9cc2a2463,48,101250.0,145400,1871000,1871000,48,100750.0,162200,206800,206800,48,99600.0,105000,108800,108800,-0.4938271604938316,-1.6296296296296253,6.175298804780871,0.14940239043825798,-1.688182720953324,-0.6951340615690138,11.998041136141048,-32.810969637610185
128,64,16,100,0,normal,cold_success,1475d98c3ade160a0844b615bfd9dffab2efa40d2e4536cd57b37be9cc2a2463,48,7300.0,11400,13900,13900,48,7650.0,15000,30300,30300,48,7100.0,7900,11300,11300,4.794520547945202,-2.73972602739726,-2.0547945205479423,-1.3698630136986356,16.216216216216207,-2.7027027027026973,23.33333333333334,-25.33333333333333
128,64,16,100,0,normal,warm_success,1475d98c3ade160a0844b615bfd9dffab2efa40d2e4536cd57b37be9cc2a2463,720,6200.0,8800,13400,1773600,720,5800.0,10200,24600,52700,720,6000.0,6900,11600,17000,-6.451612903225811,-3.2258064516129004,-6.451612903225811,-1.6129032258064502,-6.451612903225811,-1.6129032258064502,-4.8387096774193505,-43.548387096774185
128,64,64,0,0,capacity,batch,57bc764c80bfc4a98ba395d5f5f98a6cde2d75219b998d38967612eb57ee92e9,48,131750.0,175000,182600,182600,48,106450.0,167200,179800,179800,48,103100.0,163600,169100,169100,-19.20303605313093,-21.745730550284627,4.792490118577075,1.7292490118577142,-25.217391304347824,-26.413043478260867,-25.37450321002751,-29.593396514827276
128,64,64,0,0,capacity,rejected,57bc764c80bfc4a98ba395d5f5f98a6cde2d75219b998d38967612eb57ee92e9,3072,1800.0,3000,11800,21200,3072,1600.0,2700,9400,77200,3072,1600.0,2500,8500,17900,-11.111111111111116,-11.111111111111116,6.666666666666665,0.0,-16.666666666666664,-16.666666666666664,-26.086956521739136,-26.086956521739136
128,64,64,0,0,high_water,batch,0c8e08a117e276336127cb0712533fd3a6a977f7a17f0b6ea9bf94abf75ba53e,48,117200.0,187200,198700,198700,48,117500.0,188800,203300,203300,48,115800.0,183400,199700,199700,0.25597269624573205,-1.1945392491467532,2.8322440087146017,-0.34858387799564516,0.47557284911370346,0.12970168612191912,-19.402985074626866,-10.75305291723202
128,64,64,0,0,high_water,rejected,0c8e08a117e276336127cb0712533fd3a6a977f7a17f0b6ea9bf94abf75ba53e,3072,1700.0,3000,15400,74800,3072,1700.0,2800,15500,22000,3072,1700.0,2900,15000,72500,0.0,0.0,0.0,0.0,-11.111111111111116,-11.111111111111116,-9.999999999999998,-9.999999999999998
128,64,64,0,0,normal,batch,0f62a49c14344b07f944543ca66c908b9bbf8593da1c5c3cc5ca63e71d2d986c,48,99850.0,167400,170300,170300,48,100600.0,172600,388300,388300,48,98950.0,104900,110800,110800,0.7511266900350533,-0.9013520280420684,0.2513826043237799,0.10055304172951196,1.3533834586466176,-0.4511278195488688,-9.61136648558295,-33.22189720016715
128,64,64,0,0,normal,rejected,0f62a49c14344b07f944543ca66c908b9bbf8593da1c5c3cc5ca63e71d2d986c,3072,1600.0,2600,6100,15400,3072,1500.0,2700,6200,288600,3072,1400.0,1900,6000,12200,-6.25,-12.5,0.0,0.0,0.0,0.0,0.0,-35.29411764705882
128,64,64,50,0,normal,batch,53ef9dc6bec06645a9779da53fd3a99f835c59190e155df7ac29066795d9823d,48,267350.0,421400,2040300,2040300,48,262100.0,2044900,2064800,2064800,48,259100.0,279300,382600,382600,-1.9637179726949672,-3.085842528520666,1.226415094339628,-1.1886792452830197,-2.9902242668200074,1.5526164462334568,-22.41997792494481,-52.04194260485651
128,64,64,50,0,normal,cold_success,53ef9dc6bec06645a9779da53fd3a99f835c59190e155df7ac29066795d9823d,48,7800.0,13300,15700,15700,48,8250.0,16300,1779000,1779000,48,7350.0,13900,35600,35600,5.769230769230771,-5.769230769230771,13.0718954248366,-2.614379084967322,0.6578947368421018,-0.6578947368421018,11.45374449339207,-51.10132158590308
128,64,64,50,0,normal,warm_success,53ef9dc6bec06645a9779da53fd3a99f835c59190e155df7ac29066795d9823d,1488,2400.0,3900,4400,15100,1488,2200.0,3200,4000,1770000,1488,2400.0,2500,3100,8500,-8.333333333333337,0.0,-12.5,0.0,-12.5,0.0,-37.142857142857146,-57.14285714285714
128,64,64,50,0,normal,rejected,53ef9dc6bec06645a9779da53fd3a99f835c59190e155df7ac29066795d9823d,1536,5800.0,9300,11200,1773300,1536,5700.0,8900,20300,1776800,1536,5200.0,6400,11900,20100,-1.7241379310344862,-10.344827586206895,-1.7857142857142905,0.0,0.0,0.8928571428571397,-22.368421052631582,-56.57894736842105
128,64,64,100,0,capacity,batch,e4357ae4879f614a8ec6e3363f0840bd49762406c6b754ac59393992541d4c01,48,470150.0,790300,1527900,1527900,48,429350.0,620000,681100,681100,48,450850.0,703000,716100,716100,-8.678081463362751,-4.1050728490907185,-4.907975460122705,-0.08923591745677584,-13.681744091279546,-9.07701711491442,-36.83726848579104,-33.54305103916302
128,64,64,100,0,capacity,cold_success,e4357ae4879f614a8ec6e3363f0840bd49762406c6b754ac59393992541d4c01,48,14950.0,22600,31100,31100,48,12950.0,17900,18900,18900,48,10900.0,16500,17200,17200,-13.377926421404684,-27.090301003344486,20.895522388059696,8.955223880597018,-34.95145631067961,-36.24595469255664,-20.519480519480517,-30.38961038961039
128,64,64,100,0,capacity,warm_success,e4357ae4879f614a8ec6e3363f0840bd49762406c6b754ac59393992541d4c01,3024,7600.0,12500,14600,428200,3024,6700.0,9600,12200,105700,3024,7100.0,11200,12500,27600,-11.842105263157897,-6.578947368421051,-7.14285714285714,-1.4285714285714235,-13.33333333333333,-7.9999999999999964,-30.3921568627451,-25.49019607843137
128,64,64,100,0,high_water,batch,41e333731a698f888fd785a2ac0a19ca8d6bc60c46b321db781b391a1a586f94,48,482950.0,739500,788400,788400,48,446900.0,675800,743900,743900,48,472050.0,712400,731000,731000,-7.464540842737344,-2.256962418469821,-6.192733017377572,-1.5376513954712956,-11.589866347496514,-6.5629363654498345,-4.332023575638511,8.104125736738709
128,64,64,100,0,high_water,cold_success,41e333731a698f888fd785a2ac0a19ca8d6bc60c46b321db781b391a1a586f94,48,18550.0,24600,67400,67400,48,20100.0,26900,34800,34800,48,17650.0,24500,24900,24900,8.35579514824798,-4.851752021563338,13.404825737265424,-7.774798927613946,-10.093896713615024,-19.248826291079812,12.60273972602739,6.57534246575342
128,64,64,100,0,high_water,warm_success,41e333731a698f888fd785a2ac0a19ca8d6bc60c46b321db781b391a1a586f94,3024,7500.0,12100,13500,26900,3024,6800.0,10700,12400,52500,3024,7300.0,11200,12800,77800,-9.333333333333337,-2.6666666666666616,-7.042253521126762,0.0,-14.102564102564108,-10.256410256410254,-6.41025641025641,2.564102564102555
128,64,64,100,0,normal,batch,68eec18384c8db501a7ceaa7c1d71c3004c0034c5aae5be59add7c2cef47efb0,48,451050.0,668900,2253100,2253100,48,439750.0,720000,2263000,2263000,48,440600.0,524600,747100,747100,-2.505265491630637,-2.3168163174814294,-2.511191178076211,-2.7186374058303264,-4.380715817997061,0.32742463588122384,-21.741582084743026,-49.88722410182053
128,64,64,100,0,normal,cold_success,68eec18384c8db501a7ceaa7c1d71c3004c0034c5aae5be59add7c2cef47efb0,48,7750.0,13400,14200,14200,48,9250.0,16200,23700,23700,48,7500.0,8400,21900,21900,19.354838709677423,-3.2258064516129004,43.94904458598725,-2.547770700636942,2.7027027027026973,1.3513513513513598,0.42194092827003704,-54.00843881856541
128,64,64,100,0,normal,warm_success,68eec18384c8db501a7ceaa7c1d71c3004c0034c5aae5be59add7c2cef47efb0,3024,7200.0,10900,13700,1779100,3024,7000.0,11500,13800,1778400,3024,6400.0,7700,11400,303300,-2.777777777777779,-11.111111111111116,2.857142857142847,-1.4285714285714235,-4.347826086956519,0.0,-16.85393258426966,-47.19101123595506
128,4096,1,0,0,normal,batch,1af64d5498c3d65ab39f4cf03996ea0a9af194c41d2fbcb396422f14ddb3fd2d,48,11550.0,16100,19000,19000,48,11250.0,15000,1769700,1769700,48,10050.0,16300,17900,17900,-2.5974025974025983,-12.987012987012992,-10.984848484848486,-25.0,11.564625850340127,17.006802721088434,-8.846153846153848,-3.4615384615384603
128,4096,1,0,0,normal,rejected,1af64d5498c3d65ab39f4cf03996ea0a9af194c41d2fbcb396422f14ddb3fd2d,48,11550.0,16100,19000,19000,48,11250.0,15000,1769700,1769700,48,10050.0,16300,17900,17900,-2.5974025974025983,-12.987012987012992,-10.984848484848486,-25.0,11.564625850340127,17.006802721088434,-8.846153846153848,-3.4615384615384603
128,4096,1,100,0,normal,batch,22bd91962d949254b22ad5dc3ed3a35d8c087d44e9024bba65a25899de82336d,48,19950.0,24400,27200,27200,48,22350.0,33300,41600,41600,48,19200.0,29800,30800,30800,12.030075187969924,-3.759398496240607,17.71844660194175,-7.7669902912621325,24.418604651162788,4.3604651162790775,11.166253101736977,29.280397022332515
128,4096,1,100,0,normal,cold_success,22bd91962d949254b22ad5dc3ed3a35d8c087d44e9024bba65a25899de82336d,48,19950.0,24400,27200,27200,48,22350.0,33300,41600,41600,48,19200.0,29800,30800,30800,12.030075187969924,-3.759398496240607,17.71844660194175,-7.7669902912621325,24.418604651162788,4.3604651162790775,11.166253101736977,29.280397022332515
128,4096,16,0,0,normal,batch,1af64d5498c3d65ab39f4cf03996ea0a9af194c41d2fbcb396422f14ddb3fd2d,48,29400.0,42800,43900,43900,48,29700.0,42700,1796000,1796000,48,28700.0,42900,57000,57000,1.0204081632652962,-2.3809523809523836,8.605851979345957,-2.9259896729776247,1.7578125,-0.9765625,-25.31806615776081,0.0
128,4096,16,0,0,normal,rejected,1af64d5498c3d65ab39f4cf03996ea0a9af194c41d2fbcb396422f14ddb3fd2d,768,1200.0,7900,13900,15400,768,1200.0,8700,14100,1765000,768,1200.0,7800,13900,17500,0.0,0.0,0.0,0.0,0.0,0.0,-27.77777777777778,-5.555555555555558
128,4096,16,50,0,normal,batch,1df0b63d66ef4273ba96be9c7f7a0914b4e785f73b1cca67a9f6dd5f244c0d8c,48,129250.0,190100,294700,294700,48,76150.0,139100,270100,270100,48,129100.0,183800,190200,190200,-41.08317214700193,-0.11605415860734825,-43.83511225616489,-8.943687891056307,-38.279301745635905,7.39817123857025,-49.30362116991643,3.064066852367686
128,4096,16,50,0,normal,cold_success,1df0b63d66ef4273ba96be9c7f7a0914b4e785f73b1cca67a9f6dd5f244c0d8c,48,19300.0,27600,28600,28600,48,19750.0,36500,45500,45500,48,18850.0,28000,29200,29200,2.3316062176165886,-2.3316062176165775,1.7857142857142794,-5.35714285714286,11.075949367088601,14.240506329113934,-6.041666666666668,6.25
128,4096,16,50,0,normal,warm_success,1df0b63d66ef4273ba96be9c7f7a0914b4e785f73b1cca67a9f6dd5f244c0d8c,336,9100.0,13600,15200,18400,336,2200.0,3700,5000,7100,336,9400.0,13200,16300,22600,-75.82417582417582,3.296703296703307,-79.04761904761905,-14.28571428571429,-75.55555555555556,8.888888888888879,-79.64601769911505,0.8849557522123908
128,4096,16,50,0,normal,rejected,1df0b63d66ef4273ba96be9c7f7a0914b4e785f73b1cca67a9f6dd5f244c0d8c,384,5100.0,8400,12600,163200,384,4900.0,8900,16900,169700,384,5100.0,9500,11800,13100,-3.9215686274509776,0.0,-3.9215686274509776,0.0,-3.9215686274509776,0.0,-27.142857142857146,2.1428571428571352
128,4096,16,100,0,normal,batch,a6c066d937c508850f643af0349f41ec4e7ee2147eeb352e70626dd493d1a9bb,48,225450.0,1577700,2008800,2008800,48,107400.0,150100,152800,152800,48,215400.0,314200,328400,328400,-52.36194278110447,-4.457751164337987,-55.28662420382165,-10.021231422505306,-48.703307161551265,-0.23792529145848507,-60.66136610046981,9.269967473798335
128,4096,16,100,0,normal,cold_success,a6c066d937c508850f643af0349f41ec4e7ee2147eeb352e70626dd493d1a9bb,48,19550.0,27900,28600,28600,48,16700.0,23900,24500,24500,48,18250.0,30600,44200,44200,-14.57800511508951,-6.649616368286448,-18.734177215189874,-11.392405063291145,13.70716510903427,-0.9345794392523366,-32.76190476190476,4.190476190476189
128,4096,16,100,0,normal,warm_success,a6c066d937c508850f643af0349f41ec4e7ee2147eeb352e70626dd493d1a9bb,720,13100.0,19000,27600,1783500,720,5900.0,8500,10900,22900,720,12900.0,19500,25300,38600,-54.961832061068705,-1.526717557251911,-54.78927203065134,-1.9157088122605415,-54.6875,0.0,-64.88095238095238,4.464285714285721
128,4096,64,0,0,normal,batch,1af64d5498c3d65ab39f4cf03996ea0a9af194c41d2fbcb396422f14ddb3fd2d,48,106450.0,1818400,1877800,1877800,48,105050.0,167300,174200,174200,48,103850.0,175100,177400,177400,-1.3151714419915472,-2.442461249412875,-0.09380863039399889,-4.268292682926833,-0.1457725947521915,-0.4859086491739606,-30.062152437029766,5.593719332679092
128,4096,64,0,0,normal,rejected,1af64d5498c3d65ab39f4cf03996ea0a9af194c41d2fbcb396422f14ddb3fd2d,3072,1600.0,2700,10600,1769000,3072,1600.0,2700,9200,18200,3072,1700.0,2900,7900,19500,0.0,6.25,6.666666666666665,0.0,0.0,0.0,-15.789473684210531,15.789473684210531
128,4096,64,50,0,normal,batch,2fb9b9254c2849b0deed425b801e5f2a0de26dd39eba0430ad09f5395ed13aa7,48,531400.0,2265700,2273100,2273100,48,265050.0,327300,405700,405700,48,487350.0,712500,725300,725300,-50.122318404215285,-8.289424162589388,-50.703828828828826,-9.431306306306308,-46.640235844261454,-1.7586662600386327,-58.55001086405447,0.9922503078148681
128,4096,64,50,0,normal,cold_success,2fb9b9254c2849b0deed425b801e5f2a0de26dd39eba0430ad09f5395ed13aa7,48,21650.0,27900,30700,30700,48,16700.0,26300,33500,33500,48,17500.0,30200,35500,35500,-22.863741339491916,-19.16859122401847,-26.78983833718245,-23.094688221709003,-0.6172839506172867,0.6172839506172867,-30.51823416506718,5.566218809980805
128,4096,64,50,0,normal,warm_success,2fb9b9254c2849b0deed425b801e5f2a0de26dd39eba0430ad09f5395ed13aa7,1488,9100.0,13000,15000,1781500,1488,2200.0,2400,3500,9700,1488,9000.0,13000,14400,27500,-75.82417582417582,-1.098901098901095,-75.69060773480662,-1.6574585635359074,-75.2808988764045,0.0,-82.25806451612902,-0.8064516129032251
128,4096,64,50,0,normal,rejected,2fb9b9254c2849b0deed425b801e5f2a0de26dd39eba0430ad09f5395ed13aa7,1536,6300.0,9900,13900,1776800,1536,5600.0,7500,19000,35300,1536,6200.0,9900,11800,46800,-11.111111111111116,-1.5873015873015928,-5.1724137931034475,0.0,-5.0847457627118615,-1.6949152542372836,-33.720930232558146,-2.3255813953488413
128,4096,64,100,0,normal,batch,349bf018d04d9897274cf300db02ef0547a7c64b25a0d2da635539bd14e017f1,48,937400.0,2657000,2717700,2717700,48,439300.0,679800,695100,695100,48,879700.0,1237300,1286800,1286800,-53.13633454235118,-6.155323234478349,-54.03243012588009,-6.955408576914868,-51.668159426780115,-2.339901477832518,-55.12926066194632,-11.538778198583898
128,4096,64,100,0,normal,cold_success,349bf018d04d9897274cf300db02ef0547a7c64b25a0d2da635539bd14e017f1,48,21000.0,29400,31200,31200,48,16400.0,24800,40500,40500,48,16100.0,27800,28400,28400,-21.904761904761905,-23.33333333333333,-29.24528301886793,-25.47169811320755,-14.0625,0.31250000000000444,-24.571428571428566,-3.0476190476190435
128,4096,64,100,0,normal,warm_success,349bf018d04d9897274cf300db02ef0547a7c64b25a0d2da635539bd14e017f1,3024,14300.0,20300,23400,1784600,3024,6800.0,10900,13300,45700,3024,13800.0,20100,22200,47500,-52.44755244755245,-3.4965034965035002,-53.90070921985816,-4.255319148936165,-51.82481751824817,-0.7299270072992692,-59.01639344262295,-4.371584699453557
1024,64,1,0,0,normal,batch,bb96bad1e78b9340b00fb6b72fe4ddc31d359c1f90d5011405df09b840c1a189,48,46600.0,80500,94000,94000,48,46700.0,68700,81700,81700,48,52100.0,80700,89200,89200,0.21459227467810482,11.802575107296143,-1.7057569296375252,-3.518123667377404,-0.9345794392523366,0.9345794392523255,-8.628659476117107,-1.1556240369799742
1024,64,1,0,0,normal,rejected,bb96bad1e78b9340b00fb6b72fe4ddc31d359c1f90d5011405df09b840c1a189,48,46600.0,80500,94000,94000,48,46700.0,68700,81700,81700,48,52100.0,80700,89200,89200,0.21459227467810482,11.802575107296143,-1.7057569296375252,-3.518123667377404,-0.9345794392523366,0.9345794392523255,-8.628659476117107,-1.1556240369799742
1024,64,1,100,0,normal,batch,8cbb360029da8d93de819b7bc81b51881ec83f606b53067b37d1903ade151714,48,54050.0,76000,83300,83300,48,48950.0,76700,96600,96600,48,49050.0,83100,87900,87900,-9.435707678075856,-9.250693802035148,-1.8123667377398678,-1.7057569296375252,-28.180473372781066,-31.73076923076923,15.927750410509024,15.845648604269291
1024,64,1,100,0,normal,cold_success,8cbb360029da8d93de819b7bc81b51881ec83f606b53067b37d1903ade151714,48,54050.0,76000,83300,83300,48,48950.0,76700,96600,96600,48,49050.0,83100,87900,87900,-9.435707678075856,-9.250693802035148,-1.8123667377398678,-1.7057569296375252,-28.180473372781066,-31.73076923076923,15.927750410509024,15.845648604269291
1024,64,16,0,0,normal,batch,bb96bad1e78b9340b00fb6b72fe4ddc31d359c1f90d5011405df09b840c1a189,48,254600.0,381800,384000,384000,48,243100.0,309000,375600,375600,48,239500.0,379600,390200,390200,-4.516889238020427,-5.930871956009431,1.2387150955280202,-0.6928406466512715,-21.719309671116903,-22.87528492347769,-14.266141462579206,-9.727693098133239
1024,64,16,0,0,normal,rejected,bb96bad1e78b9340b00fb6b72fe4ddc31d359c1f90d5011405df09b840c1a189,768,13100.0,42500,69900,104900,768,13100.0,41100,53600,112000,768,13000.0,40900,60100,78400,0.0,-0.7633587786259555,0.7692307692307665,0.0,-28.80434782608695,-29.34782608695652,-27.071823204419886,-27.071823204419886
1024,64,16,50,0,normal,batch,b0f2f4a6c3b2178324df8267d3d9214cd2477a65bae3622d6922a36cfaa052ba,48,523000.0,770400,790200,790200,48,477900.0,668700,721500,721500,48,490750.0,756200,794000,794000,-8.623326959847033,-6.166347992351817,1.2345679012345734,0.8610851748106718,-29.855899129390572,-27.709396577604327,-32.58999242893523,-15.252254112464724
1024,64,16,50,0,normal,cold_success,b0f2f4a6c3b2178324df8267d3d9214cd2477a65bae3622d6922a36cfaa052ba,48,58350.0,76400,79300,79300,48,49100.0,72000,82900,82900,48,48300.0,74300,88300,88300,-15.852613538988859,-17.223650385604117,8.066298342541444,0.5524861878453136,-26.507936507936503,-28.095238095238095,-28.825622775800706,-3.2740213523131723
1024,64,16,50,0,normal,warm_success,b0f2f4a6c3b2178324df8267d3d9214cd2477a65bae3622d6922a36cfaa052ba,336,16300.0,27200,28400,37500,336,14300.0,21400,22600,22900,336,16100.0,25900,28200,40400,-12.269938650306745,-1.2269938650306789,-11.180124223602483,0.0,-35.30751708428246,-26.651480637813208,-40.49586776859504,-29.95867768595041
1024,64,16,50,0,normal,rejected,b0f2f4a6c3b2178324df8267d3d9214cd2477a65bae3622d6922a36cfaa052ba,384,44250.0,67200,80000,85900,384,39100.0,59500,66400,81300,384,39800.0,62000,73900,87200,-11.638418079096047,-10.056497175141244,-1.7587939698492483,-0.2512562814070307,-28.832116788321173,-27.372262773722632,-33.72582001682086,-11.269974768713208
1024,64,16,100,0,normal,batch,03b6e3ebd6ad6a6857d10fda71d6f4b274ff588dcdbcc6b32411101e3f010a58,48,781200.0,1118500,1188600,1188600,48,669450.0,1087300,1374600,1374600,48,702600.0,1117300,1187900,1187900,-14.304915514592931,-10.061443932411674,-4.536348025186032,-0.4507727532913619,-28.803026209132664,-25.268846257768175,-25.745242844051532,9.508921351948674
1024,64,16,100,0,normal,cold_success,03b6e3ebd6ad6a6857d10fda71d6f4b274ff588dcdbcc6b32411101e3f010a58,48,49600.0,77800,91500,91500,48,48400.0,77700,94900,94900,48,45500.0,83900,93600,93600,-2.4193548387096753,-8.266129032258062,10.033444816053505,0.6688963210702337,-7.396149949341435,-9.625126646403237,-26.84172137126185,4.157549234135671
1024,64,16,100,0,normal,warm_success,03b6e3ebd6ad6a6857d10fda71d6f4b274ff588dcdbcc6b32411101e3f010a58,720,44500.0,69200,80500,288500,720,40300.0,67600,71800,267600,720,43000.0,70300,76900,97300,-9.438202247191008,-3.3707865168539297,-6.04651162790698,-0.23255813953488857,-30.927835051546392,-26.28865979381443,-31.986531986531986,5.555555555555558
1024,64,64,0,0,capacity,batch,f4d1d2a473ee0590975d063201033bc305d0f52d28a0ee2ff25771953f209deb,48,903950.0,1400900,1657400,1657400,48,903300.0,1320000,1364700,1364700,48,890900.0,1268600,1416600,1416600,-0.07190663200398184,-1.4436639194645773,1.0509160391143135,0.08429807800383049,-13.235648527497956,-14.353882489034564,1.4519731943410275,5.382406127007755
1024,64,64,0,0,capacity,rejected,f4d1d2a473ee0590975d063201033bc305d0f52d28a0ee2ff25771953f209deb,3072,13500.0,22000,48500,348600,3072,13500.0,20500,46500,121200,3072,13400.0,21100,45000,70900,0.0,-0.7407407407407418,0.7518796992481258,0.0,-2.1897810218978075,-2.9197080291970767,0.7352941176470562,0.0
1024,64,64,0,0,high_water,batch,e7cde4997d17d63c4aabfab7b178de95a7bfd88b780c0771fb5266ecc5ef5bbe,48,949450.0,1437800,1531800,1531800,48,911500.0,1220600,1396200,1396200,48,910500.0,1437700,1458700,1458700,-3.997050924219281,-4.102375059244823,0.3419369071255174,0.2261195676152683,-12.493395456073774,-13.012152360824247,-7.2125684360866416,12.896929302547022
1024,64,64,0,0,high_water,rejected,e7cde4997d17d63c4aabfab7b178de95a7bfd88b780c0771fb5266ecc5ef5bbe,3072,13600.0,22700,52500,82000,3072,13600.0,20900,51500,72800,3072,13600.0,22200,52600,84900,0.0,0.0,0.37037037037037646,0.0,-1.449275362318836,-2.1739130434782594,-4.861111111111116,29.861111111111114
1024,64,64,0,0,normal,batch,bb96bad1e78b9340b00fb6b72fe4ddc31d359c1f90d5011405df09b840c1a189,48,978500.0,1509600,1551400,1551400,48,893250.0,1319900,1370200,1370200,48,890500.0,1054500,1390600,1390600,-8.712314767501272,-8.993357179356154,0.3375907275080081,-0.30383165475721396,-27.448258970486183,-27.742172510919705,-27.769458343986265,-32.25830015705468
1024,64,64,0,0,normal,rejected,bb96bad1e78b9340b00fb6b72fe4ddc31d359c1f90d5011405df09b840c1a189,3072,13800.0,23500,44600,79600,3072,13500.0,20500,42200,278700,3072,13400.0,19700,41600,69400,-2.1739130434782594,-2.898550724637683,0.0,-0.7462686567164201,-27.173913043478258,-27.717391304347828,-33.97129186602871,-35.4066985645933
1024,64,64,50,0,normal,batch,7929d347be50d0373901efe878083a3795f621362fcf56d220f664dd8c47ac7f,48,2009450.0,2900600,3512300,3512300,48,1801150.0,2713200,2830400,2830400,48,1860300.0,2906900,2913800,2913800,-10.366020552887612,-7.42242902286695,-4.53898805529459,-0.7274191383706885,-12.91429952858697,-10.649099480236913,-26.309120114224527,-22.359450294485093
1024,64,64,50,0,normal,cold_success,7929d347be50d0373901efe878083a3795f621362fcf56d220f664dd8c47ac7f,48,53400.0,75800,92300,92300,48,48450.0,73700,85000,85000,48,45250.0,72500,76300,76300,-9.26966292134831,-15.262172284644194,-3.2115171650055396,-0.22148394241418012,-17.741935483870964,-23.938879456706285,-24.34652725914862,0.5227781926810948
1024,64,64,50,0,normal,warm_success,7929d347be50d0373901efe878083a3795f621362fcf56d220f664dd8c47ac7f,1488,16300.0,26600,30000,54300,1488,14300.0,22500,24700,57500,1488,16100.0,25800,27900,50500,-12.269938650306745,-1.2269938650306789,-11.801242236024844,0.0,-11.728395061728392,-0.6172839506172867,-41.53225806451613,-33.87096774193549
1024,64,64,50,0,normal,rejected,7929d347be50d0373901efe878083a3795f621362fcf56d220f664dd8c47ac7f,1536,41800.0,65400,70900,1012300,1536,40200.0,61300,68000,139200,1536,40800.0,62700,69800,121500,-3.8277511961722466,-2.392344497607657,-2.2058823529411797,-0.4901960784313708,-3.49819059107358,-2.0506634499396825,-26.495016611295686,-26.74418604651163
1024,64,64,100,0,capacity,batch,c4d46afb08bf6a8c34c53ec9eccd25aeaa80c951aef258232e3d2951091f01ac,48,3067450.0,4212200,4517500,4517500,48,2658850.0,3621100,5448000,5448000,48,2836350.0,3909900,4053600,4053600,-13.320510521768892,-7.533945133580011,-6.368336538970554,-0.33703305041379306,-29.257132122057918,-24.22237728456026,-10.651359323925691,11.971617635334454
1024,64,64,100,0,capacity,cold_success,c4d46afb08bf6a8c34c53ec9eccd25aeaa80c951aef258232e3d2951091f01ac,48,55700.0,81400,90500,90500,48,50750.0,74900,81400,81400,48,52900.0,79900,109000,109000,-8.886894075403951,-5.0269299820466795,3.1794871794871726,5.43589743589743,-31.156848828956708,-28.17601135557133,-10.79447322970639,27.979274611398974
1024,64,64,100,0,capacity,warm_success,c4d46afb08bf6a8c34c53ec9eccd25aeaa80c951aef258232e3d2951091f01ac,3024,44400.0,69300,75700,380200,3024,41100.0,61300,68700,1782400,3024,44000.0,66300,73100,175700,-7.432432432432434,-0.9009009009009028,-6.605922551252852,-0.2277904328018221,-33.278955954322996,-28.711256117455143,-6.546275395033863,11.738148984198649
1024,64,64,100,0,high_water,batch,b1fe632a1381711c7b1cd3bc5c1a2857eb19f7dbf5f3ea5000cfbb88a682ef25,48,3054900.0,4347400,4471100,4471100,48,2674150.0,4131600,4325300,4325300,48,2882150.0,4206400,4506600,4506600,-12.463583096009689,-5.654849585911159,-7.478777147023596,-0.8801624915368955,-20.571701236151085,-14.854688874640265,4.993026951642721,12.38770148866475
1024,64,64,100,0,high_water,cold_success,b1fe632a1381711c7b1cd3bc5c1a2857eb19f7dbf5f3ea5000cfbb88a682ef25,48,58350.0,86600,112000,112000,48,56900.0,85800,90700,90700,48,57350.0,84100,87000,87000,-2.4850042844901443,-1.7137960582690681,-0.6097560975609762,-1.1324041811846652,-12.470952749806353,-11.618900077459337,-11.391437308868502,15.519877675840977
1024,64,64,100,0,high_water,warm_success,b1fe632a1381711c7b1cd3bc5c1a2857eb19f7dbf5f3ea5000cfbb88a682ef25,3024,44700.0,68800,76000,125500,3024,41300.0,65100,70900,321400,3024,44300.0,68800,73300,129000,-7.606263982102912,-0.8948545861297563,-7.239819004524883,-0.4524886877828038,-20.19417475728156,-14.368932038834947,3.777777777777769,18.999999999999993
1024,64,64,100,0,normal,batch,ff00c29d7d9c95b1a26c6c3083c100da2f4c3f1d4630c5baee1abe1ce24fd0a5,48,2933900.0,4223500,4530000,4530000,48,2667900.0,3791700,3975400,3975400,48,2822600.0,3928800,4438900,4438900,-9.06643034868264,-3.7935853301066857,-6.346760194140366,-0.2887306479611773,-23.506027927953976,-18.634536991529092,1.7874644140570384,5.023257261088032
1024,64,64,100,0,normal,cold_success,ff00c29d7d9c95b1a26c6c3083c100da2f4c3f1d4630c5baee1abe1ce24fd0a5,48,49000.0,77200,83300,83300,48,46200.0,70600,89900,89900,48,48450.0,70900,73400,73400,-5.714285714285716,-1.122448979591839,-0.7786429365962189,2.2246941045606317,-30.087094220110842,-28.18685669041964,27.821782178217823,26.831683168316832
1024,64,64,100,0,normal,warm_success,ff00c29d7d9c95b1a26c6c3083c100da2f4c3f1d4630c5baee1abe1ce24fd0a5,3024,44400.0,69900,76900,165600,3024,41400.0,62400,68400,86700,3024,44000.0,66400,71600,264000,-6.756756756756754,-0.9009009009009028,-6.378132118451029,-0.2277904328018221,-22.67168391345249,-17.77986829727187,17.937219730941713,13.789237668161425
1024,4096,1,0,0,normal,batch,5c5533825aeaab0c1a1c3941f0f1c0f61c557edf2a0820337aa4551138186374,48,52350.0,74400,81100,81100,48,46550.0,67400,99700,99700,48,46400.0,73200,84700,84700,-11.079274116523397,-11.365807067812794,-6.849315068493156,-5.584826132771337,-25.099601593625497,-31.474103585657375,-18.45528455284553,-9.756097560975608
1024,4096,1,0,0,normal,rejected,5c5533825aeaab0c1a1c3941f0f1c0f61c557edf2a0820337aa4551138186374,48,52350.0,74400,81100,81100,48,46550.0,67400,99700,99700,48,46400.0,73200,84700,84700,-11.079274116523397,-11.365807067812794,-6.849315068493156,-5.584826132771337,-25.099601593625497,-31.474103585657375,-18.45528455284553,-9.756097560975608
1024,4096,1,100,0,normal,batch,8e05aadfd4df0487dc214fa85a7fc66d6637dc6590015049a27ac9db8212abf2,48,61100.0,91000,110500,110500,48,54750.0,81500,92400,92400,48,56600.0,84300,86700,86700,-10.392798690671034,-7.364975450081834,-1.5356820234869062,-0.8130081300813052,3.3717105263157965,-9.292763157894735,-31.036662452591656,-1.7067003792667457
1024,4096,1,100,0,normal,cold_success,8e05aadfd4df0487dc214fa85a7fc66d6637dc6590015049a27ac9db8212abf2,48,61100.0,91000,110500,110500,48,54750.0,81500,92400,92400,48,56600.0,84300,86700,86700,-10.392798690671034,-7.364975450081834,-1.5356820234869062,-0.8130081300813052,3.3717105263157965,-9.292763157894735,-31.036662452591656,-1.7067003792667457
1024,4096,16,0,0,normal,batch,5c5533825aeaab0c1a1c3941f0f1c0f61c557edf2a0820337aa4551138186374,48,257250.0,381500,408200,408200,48,246950.0,379200,410400,410400,48,244450.0,373900,394800,394800,-4.003887269193395,-4.975704567541306,-0.6394389438943882,-0.8044554455445496,-3.8878143133462273,-7.001934235976792,-12.304216867469876,-9.156626506024102
1024,4096,16,0,0,normal,rejected,5c5533825aeaab0c1a1c3941f0f1c0f61c557edf2a0820337aa4551138186374,768,13100.0,43900,68100,86900,768,13200.0,43500,65300,75400,768,13100.0,43400,62900,84900,0.7633587786259444,0.0,0.0,-0.7633587786259555,0.7633587786259444,-0.7633587786259555,-10.626702997275206,-2.1798365122615793
1024,4096,16,50,0,normal,batch,2a0841b593f622e0fd8cb25dae752abdfc54d712d5bdd98256aed93fe15d7e41,48,569350.0,882300,1089900,1089900,48,482050.0,674100,709400,709400,48,551450.0,778600,845700,845700,-15.333274787037855,-3.14393606744533,-10.386450828108917,2.0117900252643484,-24.606157536985208,-13.050779688124747,-13.150934038684081,-0.8431145643908122
1024,4096,16,50,0,normal,cold_success,2a0841b593f622e0fd8cb25dae752abdfc54d712d5bdd98256aed93fe15d7e41,48,60700.0,88100,89800,89800,48,53350.0,77700,94500,94500,48,57250.0,80600,105500,105500,-12.10873146622735,-5.683690280065901,-0.3755868544600971,5.164319248826299,-30.980392156862745,-28.95424836601307,-11.409942950285245,13.447432762836176
1024,4096,16,50,0,normal,warm_success,2a0841b593f622e0fd8cb25dae752abdfc54d712d5bdd98256aed93fe15d7e41,336,22800.0,36600,43000,54000,336,14300.0,22200,24200,27800,336,22800.0,34300,36300,41300,-37.28070175438597,0.0,-36.72566371681416,0.4424778761061843,-41.51329243353783,-7.157464212678932,-37.117903930131,6.768558951965065
1024,4096,16,50,0,normal,rejected,2a0841b593f622e0fd8cb25dae752abdfc54d712d5bdd98256aed93fe15d7e41,384,40100.0,65200,81600,349700,384,39100.0,58600,73400,209300,384,40200.0,59400,71000,85600,-2.493765586034913,0.24937655860348684,-1.7587939698492483,0.5025125628140614,-16.844349680170577,-14.28571428571429,6.094527363184077,8.582089552238802
1024,4096,16,100,0,normal,batch,75ac4aedf2869a00f62c9889707f32d9814a9e327c7c69012f7a5cf230c7ca43,48,842300.0,1185800,1276300,1276300,48,680250.0,960100,1082000,1082000,48,822700.0,1079000,2835000,2835000,-19.2389884839131,-2.3269618900629174,-17.200074864308444,1.3413188595670311,-33.53646452635751,-19.0943321442727,-17.6057156133829,7.748605947955389
1024,4096,16,100,0,normal,cold_success,75ac4aedf2869a00f62c9889707f32d9814a9e327c7c69012f7a5cf230c7ca43,48,59250.0,89200,96900,96900,48,53700.0,77000,84200,84200,48,57450.0,80200,85400,85400,-9.367088607594942,-3.037974683544309,-2.87569573283859,3.0612244897959107,-29.388029589778075,-25.420309347679893,8.835341365461847,-2.489959839357425
1024,4096,16,100,0,normal,warm_success,75ac4aedf2869a00f62c9889707f32d9814a9e327c7c69012f7a5cf230c7ca43,720,50300.0,78000,87200,103000,720,40400.0,62200,71600,89300,720,49700.0,73100,84400,1765900,-19.68190854870775,-1.1928429423459286,-18.623481781376515,0.2024291497975783,-36.126482213438734,-21.26482213438735,-19.6078431372549,6.2745098039215685
1024,4096,64,0,0,normal,batch,5c5533825aeaab0c1a1c3941f0f1c0f61c557edf2a0820337aa4551138186374,48,907050.0,1366000,1462400,1462400,48,912200.0,1304500,1311100,1311100,48,892250.0,1420700,1562300,1562300,0.5677746540984518,-1.6316630836227364,3.981778302682648,0.028119903267542767,-23.461455872879533,-23.719132488726647,21.68694418680779,17.99334388128102
1024,4096,64,0,0,normal,rejected,5c5533825aeaab0c1a1c3941f0f1c0f61c557edf2a0820337aa4551138186374,3072,13500.0,21700,45900,84800,3072,13500.0,20300,44900,156700,3072,13500.0,22100,43000,93200,0.0,0.0,1.5037593984962516,0.7518796992481258,-27.173913043478258,-27.173913043478258,2.2222222222222143,26.296296296296305
1024,4096,64,50,0,normal,batch,c5157f9ee82fcc27372675726e76d0f7f44230d5c09fa52e8b8becbf1675922c,48,2146650.0,3169800,3242100,3242100,48,1805500.0,2598200,2876700,2876700,48,2081300.0,2534300,2860400,2860400,-15.89220413201966,-3.0442782940861335,-13.84808658678005,-0.03140703517587884,-22.497126872953576,-10.265195047379494,6.111652512877619,1.3596918650517376
1024,4096,64,50,0,normal,cold_success,c5157f9ee82fcc27372675726e76d0f7f44230d5c09fa52e8b8becbf1675922c,48,57500.0,86200,89000,89000,48,54200.0,86300,100600,100600,48,57000.0,77500,80000,80000,-5.739130434782613,-0.8695652173912993,-3.6245353159851335,3.9962825278810454,-18.920916481892093,-18.55136733185514,27.504393673110727,2.5483304042179356
1024,4096,64,50,0,normal,warm_success,c5157f9ee82fcc27372675726e76d0f7f44230d5c09fa52e8b8becbf1675922c,1488,22700.0,35300,38800,47900,1488,14300.0,22900,25300,43000,1488,22600.0,31000,35100,37900,-37.00440528634361,-0.4405286343612369,-36.72566371681416,0.0,-41.1522633744856,-6.995884773662553,-14.537444933920707,0.0
1024,4096,64,50,0,normal,rejected,c5157f9ee82fcc27372675726e76d0f7f44230d5c09fa52e8b8becbf1675922c,1536,41000.0,63200,69800,87100,1536,40200.0,62900,67900,115300,1536,40800.0,55200,63500,799600,-1.9512195121951237,-0.4878048780487809,-1.7241379310344862,0.0,-11.16071428571429,-9.15178571428571,31.09756097560976,0.24390243902439046
1024,4096,64,50,1,normal,batch,c5157f9ee82fcc27372675726e76d0f7f44230d5c09fa52e8b8becbf1675922c,48,2150750.0,3186900,3293300,3293300,48,1804700.0,2665600,2803800,2803800,48,2103900.0,3350000,3366900,3366900,-16.089736138556322,-2.178309891898178,-13.783509145456307,1.6331171973289482,-37.655703289013296,-27.69419174247726,-8.125843107666276,44.939067608660864
1024,4096,64,50,1,normal,cold_success,c5157f9ee82fcc27372675726e76d0f7f44230d5c09fa52e8b8becbf1675922c,48,59150.0,92900,107800,107800,48,53100.0,76800,82500,82500,48,58300.0,92600,112600,112600,-10.228233305156387,-1.4370245139475935,-1.1331444759206777,7.743153918791323,-31.63001293661061,-31.63001293661061,1.421404682274252,39.63210702341138
1024,4096,64,50,1,normal,warm_success,c5157f9ee82fcc27372675726e76d0f7f44230d5c09fa52e8b8becbf1675922c,1488,50300.0,78300,88300,218800,1488,40700.0,60900,67200,537900,1488,50300.0,80000,86400,115500,-19.08548707753479,0.0,-18.309859154929576,0.6036217303822866,-42.10526315789473,-29.01849217638691,-19.548133595284877,50.098231827111995
1024,4096,64,50,1,normal,rejected,c5157f9ee82fcc27372675726e76d0f7f44230d5c09fa52e8b8becbf1675922c,1536,13700.0,23200,57000,68900,1536,13500.0,21700,40300,64700,1536,13600.0,23400,57800,370800,-1.4598540145985384,-0.7299270072992692,0.0,0.746268656716409,-32.83582089552238,-32.83582089552238,0.7299270072992803,59.12408759124088
1024,4096,64,50,2,normal,batch,c5157f9ee82fcc27372675726e76d0f7f44230d5c09fa52e8b8becbf1675922c,48,2165750.0,2957900,3177700,3177700,48,1766350.0,2489800,2604700,2604700,48,2063450.0,3194400,3815500,3815500,-18.441648389703335,-4.72353688098811,-13.829160530191453,0.49582719685812293,-29.557855881880922,-17.96862461884128,-9.117337925173874,19.55632086231187
1024,4096,64,50,2,normal,cold_success,c5157f9ee82fcc27372675726e76d0f7f44230d5c09fa52e8b8becbf1675922c,48,25400.0,37300,40100,40100,48,21250.0,32500,35700,35700,48,24300.0,38100,39200,39200,-16.33858267716536,-4.330708661417326,-8.13704496788008,4.068522483940051,-21.91011235955056,-12.35955056179775,-14.566929133858263,27.55905511811023
1024,4096,64,50,2,normal,warm_success,c5157f9ee82fcc27372675726e76d0f7f44230d5c09fa52e8b8becbf1675922c,1488,50100.0,76600,85600,108800,1488,40700.0,61200,67800,116500,1488,50000.0,80000,85800,788400,-18.762475049900196,-0.1996007984031989,-18.309859154929576,0.0,-29.452649869678538,-13.46655082536924,-18.525896414342625,36.35458167330676
1024,4096,64,50,2,normal,rejected,c5157f9ee82fcc27372675726e76d0f7f44230d5c09fa52e8b8becbf1675922c,1536,13500.0,22200,47600,69200,1536,13600.0,24300,46800,174700,1536,13500.0,23300,50900,104000,0.7407407407407307,0.0,0.746268656716409,0.0,-2.1897810218978075,-2.1897810218978075,2.2058823529411686,48.16176470588236
1024,4096,64,100,0,normal,batch,35590eddff054ac6e272fab407a35e72edd6d5f9ce06172357032c22c7af9be0,48,3414250.0,4869000,5152400,5152400,48,2707900.0,4011200,4243400,4243400,48,3319300.0,4614500,5867300,5867300,-20.688291718532625,-2.7809914329647745,-16.32359980852083,2.29775011967448,-32.53918814121716,-16.968179102200644,-16.374145344329317,8.459857616127442
1024,4096,64,100,0,normal,cold_success,35590eddff054ac6e272fab407a35e72edd6d5f9ce06172357032c22c7af9be0,48,58400.0,94400,96500,96500,48,53600.0,80000,95200,95200,48,58400.0,93900,103100,103100,-8.21917808219178,0.0,-1.3145539906103232,14.17840375586854,-26.67126119917298,-26.39558924879394,4.302925989672968,21.084337349397586
1024,4096,64,100,0,normal,warm_success,35590eddff054ac6e272fab407a35e72edd6d5f9ce06172357032c22c7af9be0,3024,50900.0,80100,87300,111000,3024,41300.0,63400,68100,439000,3024,50900.0,77200,90600,443700,-18.860510805500986,0.0,-18.290258449304176,0.994035785288272,-36.18677042801557,-21.24513618677043,-18.039215686274513,7.549019607843133
