"run","tick","public_step_ns"
"aa-1","65","25038500"
"aa-1","66","23188600"
"aa-1","67","22212800"
"aa-1","68","23729100"
"aa-1","69","25015700"
"aa-1","70","25635000"
"aa-1","71","25709400"
"aa-1","72","24321000"
"aa-1","73","25927200"
"aa-1","74","26234700"
"aa-1","75","25712700"
"aa-1","76","26133500"
"aa-1","77","28462100"
"aa-1","78","25464800"
"aa-1","79","27841400"
"aa-1","80","26225000"
"aa-1","81","23354100"
"aa-1","82","22811000"
"aa-1","83","23342300"
"aa-1","84","23577900"
"aa-1","85","23373600"
"aa-1","86","22613500"
"aa-1","87","24088000"
"aa-1","88","24275200"
"aa-1","89","24597400"
"aa-1","90","23847700"
"aa-1","91","23743200"
"aa-1","92","22125000"
"aa-1","93","23110500"
"aa-1","94","24864300"
"aa-1","95","26341400"
"aa-1","96","26100900"
"aa-1","97","24663200"
"aa-1","98","24358200"
"aa-1","99","26516300"
"aa-1","100","25190700"
"aa-1","101","25372500"
"aa-1","102","26813000"
"aa-1","103","25605700"
"aa-1","104","33537200"
"aa-1","105","29560100"
"aa-1","106","29232300"
"aa-1","107","29782400"
"aa-1","108","29312600"
"aa-1","109","28924800"
"aa-1","110","28898800"
"aa-1","111","28018500"
"aa-1","112","28686200"
"aa-1","113","28396000"
"aa-1","114","29433400"
"aa-1","115","30804800"
"aa-1","116","27962800"
"aa-1","117","29191800"
"aa-1","118","31507800"
"aa-1","119","29546400"
"aa-1","120","29394300"
"aa-1","121","29780700"
"aa-1","122","30851900"
"aa-1","123","29000700"
"aa-1","124","28851000"
"aa-1","125","29449800"
"aa-1","126","32425000"
"aa-1","127","30812000"
"aa-1","128","32741800"
"aa-1","129","35409800"
"aa-1","130","32239200"
"aa-1","131","35823800"
"aa-1","132","35266700"
"aa-1","133","31653100"
"aa-1","134","35299800"
"aa-1","135","32501800"
"aa-1","136","34363000"
"aa-1","137","31087900"
"aa-1","138","32099100"
"aa-1","139","32247200"
"aa-1","140","33836100"
"aa-1","141","31149800"
"aa-1","142","28340500"
"aa-1","143","31850100"
"aa-1","144","34448900"
"aa-1","145","29480400"
"aa-1","146","28150200"
"aa-1","147","27033100"
"aa-1","148","29999400"
"aa-1","149","30737600"
"aa-1","150","28104200"
"aa-1","151","26760100"
"aa-1","152","27460600"
"aa-1","153","26320800"
"aa-1","154","26856400"
"aa-1","155","28177500"
"aa-1","156","32013600"
"aa-1","157","29444800"
"aa-1","158","31576200"
"aa-1","159","31064600"
"aa-1","160","31677600"
"aa-1","161","31861400"
"aa-1","162","26932700"
"aa-1","163","27107100"
"aa-1","164","27113000"
"aa-1","165","26460600"
"aa-1","166","27856800"
"aa-1","167","26611400"
"aa-1","168","27550900"
"aa-1","169","26461700"
"aa-1","170","26368600"
"aa-1","171","28881500"
"aa-1","172","26666200"
"aa-1","173","25989500"
"aa-1","174","27827600"
"aa-1","175","27676200"
"aa-1","176","26471600"
"aa-1","177","26506200"
"aa-1","178","26267400"
"aa-1","179","26943700"
"aa-1","180","25308500"
"aa-1","181","27348200"
"aa-1","182","27401300"
"aa-1","183","26402300"
"aa-1","184","28603200"
"aa-1","185","27974100"
"aa-1","186","27543200"
"aa-1","187","26723100"
"aa-1","188","26904700"
"aa-1","189","27639900"
"aa-1","190","26985500"
"aa-1","191","26650400"
"aa-1","192","26683900"
"aa-1","193","31309100"
"aa-1","194","27457100"
"aa-1","195","26464400"
"aa-1","196","27842600"
"aa-1","197","26610800"
"aa-1","198","26807600"
"aa-1","199","34110300"
"aa-1","200","30537600"
"aa-1","201","28546600"
"aa-1","202","26889400"
"aa-1","203","28752100"
"aa-1","204","27529200"
"aa-1","205","28091200"
"aa-1","206","29055100"
"aa-1","207","30083100"
"aa-1","208","27011100"
"aa-1","209","27487800"
"aa-1","210","27192100"
"aa-1","211","27520600"
"aa-1","212","27698500"
"aa-1","213","27751200"
"aa-1","214","27491600"
"aa-1","215","39882600"
"aa-1","216","32144300"
"aa-1","217","30983900"
"aa-1","218","28983100"
"aa-1","219","28814600"
"aa-1","220","27401800"
"aa-1","221","29164800"
"aa-1","222","32861100"
"aa-1","223","33083600"
"aa-1","224","32966500"
"aa-1","225","32213600"
"aa-1","226","31524900"
"aa-1","227","31811100"
"aa-1","228","31421800"
"aa-1","229","31517700"
"aa-1","230","28001900"
"aa-1","231","28652500"
"aa-1","232","28114000"
"aa-1","233","28837400"
"aa-1","234","28926100"
"aa-1","235","28389600"
"aa-1","236","28735100"
"aa-1","237","28309300"
"aa-1","238","28737900"
"aa-1","239","29706000"
"aa-1","240","30932200"
"aa-1","241","29257200"
"aa-1","242","30101400"
"aa-1","243","30118900"
"aa-1","244","29342100"
"aa-1","245","30148400"
"aa-1","246","28202300"
"aa-1","247","27213700"
"aa-1","248","29021900"
"aa-1","249","29349700"
"aa-1","250","29362500"
"aa-1","251","28876000"
"aa-1","252","28942600"
"aa-1","253","28520200"
"aa-1","254","28822900"
"aa-1","255","28918200"
"aa-1","256","29223400"
"aa-2","65","24674900"
"aa-2","66","27662000"
"aa-2","67","28968200"
"aa-2","68","28046000"
"aa-2","69","27921400"
"aa-2","70","25446100"
"aa-2","71","27146500"
"aa-2","72","24455200"
"aa-2","73","23085700"
"aa-2","74","25620800"
"aa-2","75","23576800"
"aa-2","76","24464300"
"aa-2","77","24392200"
"aa-2","78","25259200"
"aa-2","79","26164800"
"aa-2","80","26878600"
"aa-2","81","26547900"
"aa-2","82","24350700"
"aa-2","83","26543000"
"aa-2","84","24597300"
"aa-2","85","25052500"
"aa-2","86","23881500"
"aa-2","87","24352600"
"aa-2","88","23527400"
"aa-2","89","28387700"
"aa-2","90","24041100"
"aa-2","91","23974300"
"aa-2","92","23082100"
"aa-2","93","25041000"
"aa-2","94","24960900"
"aa-2","95","25730700"
"aa-2","96","26377900"
"aa-2","97","27004900"
"aa-2","98","25606900"
"aa-2","99","27300200"
"aa-2","100","26684700"
"aa-2","101","26500300"
"aa-2","102","24521000"
"aa-2","103","25263500"
"aa-2","104","32851500"
"aa-2","105","28178600"
"aa-2","106","28830600"
"aa-2","107","27895800"
"aa-2","108","31303200"
"aa-2","109","29160700"
"aa-2","110","29590200"
"aa-2","111","27614400"
"aa-2","112","28614000"
"aa-2","113","30138900"
"aa-2","114","30535400"
"aa-2","115","29580900"
"aa-2","116","29220700"
"aa-2","117","30113200"
"aa-2","118","28089800"
"aa-2","119","28481300"
"aa-2","120","28588000"
"aa-2","121","34728400"
"aa-2","122","29770200"
"aa-2","123","27385700"
"aa-2","124","27505800"
"aa-2","125","27798900"
"aa-2","126","27716900"
"aa-2","127","28474400"
"aa-2","128","27114700"
"aa-2","129","36092000"
"aa-2","130","26373600"
"aa-2","131","27111000"
"aa-2","132","29444900"
"aa-2","133","30924800"
"aa-2","134","31065200"
"aa-2","135","32943800"
"aa-2","136","33456800"
"aa-2","137","33088800"
"aa-2","138","29876500"
"aa-2","139","31927600"
"aa-2","140","32603500"
"aa-2","141","33141900"
"aa-2","142","32272100"
"aa-2","143","30956800"
"aa-2","144","33856900"
"aa-2","145","31393600"
"aa-2","146","30969300"
"aa-2","147","27207200"
"aa-2","148","27677300"
"aa-2","149","27823400"
"aa-2","150","25673500"
"aa-2","151","27411600"
"aa-2","152","26354200"
"aa-2","153","29692900"
"aa-2","154","35336900"
"aa-2","155","30765200"
"aa-2","156","28895800"
"aa-2","157","34135300"
"aa-2","158","28997700"
"aa-2","159","31007500"
"aa-2","160","33198500"
"aa-2","161","27028000"
"aa-2","162","30324400"
"aa-2","163","26176300"
"aa-2","164","27439200"
"aa-2","165","27535100"
"aa-2","166","27417400"
"aa-2","167","29169400"
"aa-2","168","28666900"
"aa-2","169","29482600"
"aa-2","170","27235500"
"aa-2","171","28324900"
"aa-2","172","27252000"
"aa-2","173","28743900"
"aa-2","174","28081700"
"aa-2","175","28670300"
"aa-2","176","28362000"
"aa-2","177","27718800"
"aa-2","178","28575600"
"aa-2","179","36830900"
"aa-2","180","27821300"
"aa-2","181","27142500"
"aa-2","182","26808800"
"aa-2","183","26385400"
"aa-2","184","28818300"
"aa-2","185","27376600"
"aa-2","186","30500900"
"aa-2","187","27503200"
"aa-2","188","29151600"
"aa-2","189","27492200"
"aa-2","190","26265500"
"aa-2","191","25902900"
"aa-2","192","27322400"
"aa-2","193","33269300"
"aa-2","194","27458100"
"aa-2","195","28078400"
"aa-2","196","26358400"
"aa-2","197","27743000"
"aa-2","198","27329200"
"aa-2","199","28056900"
"aa-2","200","28142800"
"aa-2","201","27346600"
"aa-2","202","27055600"
"aa-2","203","28483500"
"aa-2","204","29670900"
"aa-2","205","30330300"
"aa-2","206","30080600"
"aa-2","207","31783000"
"aa-2","208","29056800"
"aa-2","209","33881200"
"aa-2","210","30753300"
"aa-2","211","31966300"
"aa-2","212","30852900"
"aa-2","213","27955000"
"aa-2","214","32069400"
"aa-2","215","31849600"
"aa-2","216","31898600"
"aa-2","217","34597100"
"aa-2","218","31933600"
"aa-2","219","31035200"
"aa-2","220","29399900"
"aa-2","221","28607800"
"aa-2","222","27774200"
"aa-2","223","29256900"
"aa-2","224","27814100"
"aa-2","225","27788600"
"aa-2","226","27687100"
"aa-2","227","30167600"
"aa-2","228","32298800"
"aa-2","229","32448900"
"aa-2","230","29866500"
"aa-2","231","28047400"
"aa-2","232","27479700"
"aa-2","233","28357200"
"aa-2","234","29385200"
"aa-2","235","28864700"
"aa-2","236","28755500"
"aa-2","237","29176200"
"aa-2","238","29878300"
"aa-2","239","32498300"
"aa-2","240","30195900"
"aa-2","241","29882600"
"aa-2","242","29680800"
"aa-2","243","29257300"
"aa-2","244","31360800"
"aa-2","245","29968900"
"aa-2","246","30235400"
"aa-2","247","29090800"
"aa-2","248","30094700"
"aa-2","249","30324700"
"aa-2","250","29970900"
"aa-2","251","29913500"
"aa-2","252","29268400"
"aa-2","253","30743200"
"aa-2","254","30125600"
"aa-2","255","29489800"
"aa-2","256","30086700"
"aa-3","65","23868600"
"aa-3","66","26311500"
"aa-3","67","26371300"
"aa-3","68","27368300"
"aa-3","69","26921900"
"aa-3","70","27418500"
"aa-3","71","27638700"
"aa-3","72","23875800"
"aa-3","73","26284200"
"aa-3","74","27463600"
"aa-3","75","26866300"
"aa-3","76","25607000"
"aa-3","77","25804900"
"aa-3","78","26550900"
"aa-3","79","27338300"
"aa-3","80","24637100"
"aa-3","81","25818000"
"aa-3","82","26079400"
"aa-3","83","26503400"
"aa-3","84","27582600"
"aa-3","85","27646200"
"aa-3","86","26834100"
"aa-3","87","28099700"
"aa-3","88","27668200"
"aa-3","89","26169400"
"aa-3","90","23540300"
"aa-3","91","24362200"
"aa-3","92","24123000"
"aa-3","93","25376500"
"aa-3","94","25566500"
"aa-3","95","26282300"
"aa-3","96","26505500"
"aa-3","97","25449800"
"aa-3","98","26022800"
"aa-3","99","25450200"
"aa-3","100","25843200"
"aa-3","101","26525100"
"aa-3","102","26205100"
"aa-3","103","25332200"
"aa-3","104","33424900"
"aa-3","105","28446100"
"aa-3","106","27393000"
"aa-3","107","28161700"
"aa-3","108","27467400"
"aa-3","109","29008000"
"aa-3","110","28576500"
"aa-3","111","28682800"
"aa-3","112","28241900"
"aa-3","113","32234700"
"aa-3","114","27423800"
"aa-3","115","35790500"
"aa-3","116","28184200"
"aa-3","117","28460300"
"aa-3","118","29239600"
"aa-3","119","31288000"
"aa-3","120","28720700"
"aa-3","121","28395600"
"aa-3","122","29598600"
"aa-3","123","28000300"
"aa-3","124","27821200"
"aa-3","125","28553100"
"aa-3","126","26043100"
"aa-3","127","27489500"
"aa-3","128","28480100"
"aa-3","129","37107000"
"aa-3","130","28013100"
"aa-3","131","27686300"
"aa-3","132","27796700"
"aa-3","133","26807800"
"aa-3","134","27303600"
"aa-3","135","27703900"
"aa-3","136","28999300"
"aa-3","137","27322700"
"aa-3","138","26762800"
"aa-3","139","29383200"
"aa-3","140","32368900"
"aa-3","141","27780600"
"aa-3","142","28629300"
"aa-3","143","26578100"
"aa-3","144","28699600"
"aa-3","145","26109600"
"aa-3","146","32535000"
"aa-3","147","30006100"
"aa-3","148","31746600"
"aa-3","149","28884700"
"aa-3","150","29727200"
"aa-3","151","30580400"
"aa-3","152","31493100"
"aa-3","153","29645500"
"aa-3","154","27479600"
"aa-3","155","26055100"
"aa-3","156","27846200"
"aa-3","157","25341700"
"aa-3","158","27953000"
"aa-3","159","29704800"
"aa-3","160","30707400"
"aa-3","161","31564900"
"aa-3","162","30812700"
"aa-3","163","30334200"
"aa-3","164","30804400"
"aa-3","165","28966400"
"aa-3","166","28910200"
"aa-3","167","26597400"
"aa-3","168","26984200"
"aa-3","169","27261400"
"aa-3","170","29414100"
"aa-3","171","28037900"
"aa-3","172","27739100"
"aa-3","173","27596200"
"aa-3","174","27203600"
"aa-3","175","29911100"
"aa-3","176","25708500"
"aa-3","177","26576600"
"aa-3","178","26703200"
"aa-3","179","26277200"
"aa-3","180","25863800"
"aa-3","181","29697000"
"aa-3","182","26689900"
"aa-3","183","26660900"
"aa-3","184","27080000"
"aa-3","185","26975200"
"aa-3","186","27226800"
"aa-3","187","26660500"
"aa-3","188","26022500"
"aa-3","189","27627400"
"aa-3","190","30918000"
"aa-3","191","26463000"
"aa-3","192","27386300"
"aa-3","193","31691300"
"aa-3","194","26740000"
"aa-3","195","25934000"
"aa-3","196","26729800"
"aa-3","197","25686900"
"aa-3","198","27298500"
"aa-3","199","27644200"
"aa-3","200","26928300"
"aa-3","201","27102000"
"aa-3","202","27153500"
"aa-3","203","26724600"
"aa-3","204","27278400"
"aa-3","205","25612100"
"aa-3","206","26594700"
"aa-3","207","32211400"
"aa-3","208","30208000"
"aa-3","209","30304800"
"aa-3","210","31584400"
"aa-3","211","29874900"
"aa-3","212","32519300"
"aa-3","213","28394900"
"aa-3","214","29419000"
"aa-3","215","30140500"
"aa-3","216","28450800"
"aa-3","217","28970100"
"aa-3","218","28959400"
"aa-3","219","29023400"
"aa-3","220","34114000"
"aa-3","221","32345500"
"aa-3","222","31460700"
"aa-3","223","29326600"
"aa-3","224","29707900"
"aa-3","225","28375700"
"aa-3","226","30459100"
"aa-3","227","30620900"
"aa-3","228","30034200"
"aa-3","229","31267800"
"aa-3","230","29565500"
"aa-3","231","29469900"
"aa-3","232","29991000"
"aa-3","233","30922000"
"aa-3","234","31064500"
"aa-3","235","30192700"
"aa-3","236","30509400"
"aa-3","237","29926600"
"aa-3","238","31213200"
"aa-3","239","30442300"
"aa-3","240","29393900"
"aa-3","241","28623100"
"aa-3","242","28792400"
"aa-3","243","29591300"
"aa-3","244","29170000"
"aa-3","245","27860100"
"aa-3","246","28671000"
"aa-3","247","29829600"
"aa-3","248","29531800"
"aa-3","249","30180100"
"aa-3","250","27376800"
"aa-3","251","29364400"
"aa-3","252","28978700"
"aa-3","253","28922500"
"aa-3","254","30952600"
"aa-3","255","28610200"
"aa-3","256","28808000"
"aa-4","65","27367300"
"aa-4","66","27065600"
"aa-4","67","22599400"
"aa-4","68","23529600"
"aa-4","69","23641500"
"aa-4","70","25362100"
"aa-4","71","26327500"
"aa-4","72","24393600"
"aa-4","73","24760200"
"aa-4","74","26066700"
"aa-4","75","26626600"
"aa-4","76","23188800"
"aa-4","77","27360300"
"aa-4","78","23409100"
"aa-4","79","25634900"
"aa-4","80","24911700"
"aa-4","81","23385200"
"aa-4","82","26679900"
"aa-4","83","23775800"
"aa-4","84","25264200"
"aa-4","85","26343200"
"aa-4","86","25574700"
"aa-4","87","27910400"
"aa-4","88","22493500"
"aa-4","89","26335900"
"aa-4","90","24637900"
"aa-4","91","23864400"
"aa-4","92","22495000"
"aa-4","93","23988000"
"aa-4","94","24627800"
"aa-4","95","26634300"
"aa-4","96","26871700"
"aa-4","97","25472900"
"aa-4","98","25565900"
"aa-4","99","26983700"
"aa-4","100","25747900"
"aa-4","101","25740600"
"aa-4","102","25552800"
"aa-4","103","25292200"
"aa-4","104","33085100"
"aa-4","105","28083900"
"aa-4","106","29676800"
"aa-4","107","28994700"
"aa-4","108","30199500"
"aa-4","109","30204400"
"aa-4","110","27012200"
"aa-4","111","27603700"
"aa-4","112","28993500"
"aa-4","113","28476900"
"aa-4","114","29665300"
"aa-4","115","29089800"
"aa-4","116","28613500"
"aa-4","117","27597300"
"aa-4","118","29137700"
"aa-4","119","27914400"
"aa-4","120","27051300"
"aa-4","121","29203200"
"aa-4","122","29682700"
"aa-4","123","27822400"
"aa-4","124","28945100"
"aa-4","125","28922100"
"aa-4","126","28157600"
"aa-4","127","28398800"
"aa-4","128","29975300"
"aa-4","129","35367400"
"aa-4","130","31029800"
"aa-4","131","32465600"
"aa-4","132","32011900"
"aa-4","133","31803000"
"aa-4","134","31775600"
"aa-4","135","31586400"
"aa-4","136","33635100"
"aa-4","137","34411500"
"aa-4","138","33184900"
"aa-4","139","30247300"
"aa-4","140","30936800"
"aa-4","141","28071000"
"aa-4","142","26914900"
"aa-4","143","29589400"
"aa-4","144","36461300"
"aa-4","145","28980300"
"aa-4","146","31571300"
"aa-4","147","25732500"
"aa-4","148","26349600"
"aa-4","149","28193900"
"aa-4","150","30174500"
"aa-4","151","29875800"
"aa-4","152","30352400"
"aa-4","153","29942000"
"aa-4","154","32094100"
"aa-4","155","34467700"
"aa-4","156","28036400"
"aa-4","157","27236100"
"aa-4","158","26077400"
"aa-4","159","26098300"
"aa-4","160","26697500"
"aa-4","161","26258800"
"aa-4","162","27432000"
"aa-4","163","29317100"
"aa-4","164","28676200"
"aa-4","165","29857900"
"aa-4","166","27784200"
"aa-4","167","27107800"
"aa-4","168","26568900"
"aa-4","169","28425500"
"aa-4","170","26918200"
"aa-4","171","27290800"
"aa-4","172","26995900"
"aa-4","173","26139000"
"aa-4","174","27018100"
"aa-4","175","27402400"
"aa-4","176","33396700"
"aa-4","177","27876300"
"aa-4","178","27012900"
"aa-4","179","27450700"
"aa-4","180","26182200"
"aa-4","181","29762400"
"aa-4","182","26769700"
"aa-4","183","27749600"
"aa-4","184","28380200"
"aa-4","185","27204400"
"aa-4","186","27686700"
"aa-4","187","27010600"
"aa-4","188","28305300"
"aa-4","189","30347100"
"aa-4","190","28244400"
"aa-4","191","29866500"
"aa-4","192","27450900"
"aa-4","193","38234400"
"aa-4","194","33006700"
"aa-4","195","27268900"
"aa-4","196","31952800"
"aa-4","197","27844200"
"aa-4","198","27425400"
"aa-4","199","27850200"
"aa-4","200","32194900"
"aa-4","201","29342100"
"aa-4","202","31187100"
"aa-4","203","31721700"
"aa-4","204","32685200"
"aa-4","205","32531500"
"aa-4","206","31302900"
"aa-4","207","33205900"
"aa-4","208","33358300"
"aa-4","209","33394100"
"aa-4","210","30909500"
"aa-4","211","32335700"
"aa-4","212","36383000"
"aa-4","213","31245700"
"aa-4","214","32933400"
"aa-4","215","33894700"
"aa-4","216","33854000"
"aa-4","217","32894300"
"aa-4","218","33716500"
"aa-4","219","35100900"
"aa-4","220","38586800"
"aa-4","221","36589800"
"aa-4","222","34917400"
"aa-4","223","36610600"
"aa-4","224","29144500"
"aa-4","225","29308900"
"aa-4","226","34086800"
"aa-4","227","32966500"
"aa-4","228","31433900"
"aa-4","229","30417400"
"aa-4","230","29981100"
"aa-4","231","32079200"
"aa-4","232","31010700"
"aa-4","233","31853800"
"aa-4","234","33491500"
"aa-4","235","32543000"
"aa-4","236","33548500"
"aa-4","237","28475400"
"aa-4","238","29115800"
"aa-4","239","29998200"
"aa-4","240","29312100"
"aa-4","241","29939900"
"aa-4","242","28823700"
"aa-4","243","33516000"
"aa-4","244","29040000"
"aa-4","245","20754000"
"aa-4","246","18887600"
"aa-4","247","17764900"
"aa-4","248","19637600"
"aa-4","249","18763200"
"aa-4","250","18336600"
"aa-4","251","18273200"
"aa-4","252","20023500"
"aa-4","253","18259900"
"aa-4","254","17662500"
"aa-4","255","27823700"
"aa-4","256","28736800"
