"run","order","variant","population","tick","public_step_ns","frontier_ns","conflict_prepare_ns","observation_ns","iteration_ns"
"m8-off-abba-1","1","off","100000","65","30659600","5032300","9694200","57974200","118663700"
"m8-off-abba-1","1","off","100000","66","27430200","5002200","9804500","57628600","88747500"
"m8-off-abba-1","1","off","100000","67","27788800","5119800","9688500","63585500","91561900"
"m8-off-abba-1","1","off","100000","68","33069600","5975600","11511700","63231400","96446900"
"m8-off-abba-1","1","off","100000","69","34171100","6675500","13679400","61612000","95908000"
"m8-off-abba-1","1","off","100000","70","28471100","5156300","9834000","58487800","87114300"
"m8-off-abba-1","1","off","100000","71","28268200","5084800","9725200","58722800","87161500"
"m8-off-abba-1","1","off","100000","72","29529900","4977400","9552600","62202100","91944400"
"m8-off-abba-1","1","off","100000","73","29922200","5286800","10107400","60596000","90754500"
"m8-off-abba-1","1","off","100000","74","27526200","5109900","9564400","59916600","87587000"
"m8-off-abba-1","1","off","100000","75","28055900","5763600","10530500","59075000","87272800"
"m8-off-abba-1","1","off","100000","76","31440200","5205300","10069900","68223100","99913000"
"m8-off-abba-1","1","off","100000","77","32830600","6327600","11783000","61344300","94308000"
"m8-off-abba-1","1","off","100000","78","28294900","5246400","9846700","65501000","93921900"
"m8-off-abba-1","1","off","100000","79","30269500","5172600","9632200","69271700","99696400"
"m8-off-abba-1","1","off","100000","80","33749100","5681600","10646000","59121200","93080500"
"m8-off-abba-1","1","off","100000","81","30425800","5366800","10192300","60973600","108204500"
"m8-off-abba-1","1","off","100000","82","29668700","5378800","10254300","63655100","97649100"
"m8-off-abba-1","1","off","100000","83","29430600","5202400","9926800","59958500","89546800"
"m8-off-abba-1","1","off","100000","84","31339500","5504200","10516300","60085900","92380900"
"m8-off-abba-1","1","off","100000","85","29041500","5098200","9956400","59195100","92757500"
"m8-off-abba-1","1","off","100000","86","31930400","5124200","9998400","68213400","100575000"
"m8-off-abba-1","1","off","100000","87","35002800","6913100","12581300","58672100","93821000"
"m8-off-abba-1","1","off","100000","88","27723400","5109200","9572100","58353700","86281800"
"m8-off-abba-1","1","off","100000","89","28643700","4957700","9429500","60282900","89068800"
"m8-off-abba-1","1","off","100000","90","28229900","5362200","10275200","58581000","86942900"
"m8-off-abba-1","1","off","100000","91","28844800","5269100","9844600","61755600","90760000"
"m8-off-abba-1","1","off","100000","92","32142100","5901700","11428100","62492600","94901600"
"m8-off-abba-1","1","off","100000","93","30733400","5094200","9550400","61156800","92274300"
"m8-off-abba-1","1","off","100000","94","30764900","5077800","11118900","64469200","96886400"
"m8-off-abba-1","1","off","100000","95","32953100","5763900","11888900","63567100","98454700"
"m8-off-abba-1","1","off","100000","96","31226500","5000500","10709200","60506500","92207400"
"m8-off-abba-1","1","off","100000","97","29741300","5417400","10956500","59282700","109738100"
"m8-off-abba-1","1","off","100000","98","30464900","5384700","10775900","61152800","94936100"
"m8-off-abba-1","1","off","100000","99","29399600","4997700","10135400","71573100","101159000"
"m8-off-abba-1","1","off","100000","100","30390100","5631000","10960700","64009400","94570400"
"m8-off-abba-1","1","off","100000","101","29560000","5347100","10654100","62684400","92370500"
"m8-off-abba-1","1","off","100000","102","31793900","5316800","10690400","70347700","102264800"
"m8-off-abba-1","1","off","100000","103","30843600","5086300","10218500","63228800","95243000"
"m8-off-abba-1","1","off","100000","104","38371600","5390400","15687400","72968800","118325100"
"m8-off-abba-1","1","off","100000","105","30769000","5102400","11884600","63115700","97001600"
"m8-off-abba-1","1","off","100000","106","31408000","5550800","11993500","65136100","96770400"
"m8-off-abba-1","1","off","100000","107","37835000","8054400","15108400","83363000","121411700"
"m8-off-abba-1","1","off","100000","108","41252000","5954500","14434100","78999700","120425800"
"m8-off-abba-1","1","off","100000","109","35072200","5802600","13470400","69220900","104420000"
"m8-off-abba-1","1","off","100000","110","33562800","5566500","13041800","65791200","99557900"
"m8-off-abba-1","1","off","100000","111","32565800","5171100","11931200","63867700","96586300"
"m8-off-abba-1","1","off","100000","112","32535800","5162300","11684300","64847500","97554200"
"m8-off-abba-1","1","off","100000","113","32301700","5591500","12295600","65492700","124218400"
"m8-off-abba-1","1","off","100000","114","35713200","5788600","13486200","70396300","109680400"
"m8-off-abba-1","1","off","100000","115","32588200","5128300","11625900","72352800","105094000"
"m8-off-abba-1","1","off","100000","116","44937000","7426400","19033500","78483500","123661800"
"m8-off-abba-1","1","off","100000","117","32970800","5711100","12885900","62686000","95852200"
"m8-off-abba-1","1","off","100000","118","31787300","5062300","11471200","62905300","94832500"
"m8-off-abba-1","1","off","100000","119","30572200","5191000","11838100","61289400","92181800"
"m8-off-abba-1","1","off","100000","120","30836000","5185800","11929900","67712900","98869200"
"m8-off-abba-1","1","off","100000","121","31232900","5041500","12209400","63273200","95012000"
"m8-off-abba-1","1","off","100000","122","31526500","4954400","12480800","67536300","101980600"
"m8-off-abba-1","1","off","100000","123","32478600","4945800","11591900","72118500","105782400"
"m8-off-abba-1","1","off","100000","124","33077100","5235900","11443500","73186100","106416600"
"m8-off-abba-1","1","off","100000","125","32863700","5305800","11893700","65776000","98804600"
"m8-off-abba-1","1","off","100000","126","33071300","5299800","12088000","73119300","106522200"
"m8-off-abba-1","1","off","100000","127","35333800","6099400","12564600","73959100","109685800"
"m8-off-abba-1","1","off","100000","128","34860200","5763600","13116000","76423500","111431500"
"m8-off-abba-1","1","off","100000","129","41135100","5609400","12873100","66836400","168497700"
"m8-off-abba-1","1","off","100000","130","31204200","5192100","11627300","63970800","104329000"
"m8-off-abba-1","1","off","100000","131","30976500","5066300","11514400","63710300","94853800"
"m8-off-abba-1","1","off","100000","132","31110600","5067700","11899000","63488400","95185700"
"m8-off-abba-1","1","off","100000","133","31514800","5253000","11842300","63825900","95640300"
"m8-off-abba-1","1","off","100000","134","35336000","5233600","11296300","71682300","107218700"
"m8-off-abba-1","1","off","100000","135","33688200","6470400","13693100","67735600","102043000"
"m8-off-abba-1","1","off","100000","136","34921100","6642700","13964000","64605500","101606700"
"m8-off-abba-1","1","off","100000","137","29843200","5283600","11331100","62077100","92540100"
"m8-off-abba-1","1","off","100000","138","35454600","6856200","14012100","67721500","103346800"
"m8-off-abba-1","1","off","100000","139","30078100","5369500","11297200","66884900","97275100"
"m8-off-abba-1","1","off","100000","140","29284700","5199100","10880200","63415200","92889300"
"m8-off-abba-1","1","off","100000","141","29844200","5145500","11163800","61400500","91436900"
"m8-off-abba-1","1","off","100000","142","33898800","5282500","11405100","64838400","98889300"
"m8-off-abba-1","1","off","100000","143","31052500","6227800","12421900","62611200","93828500"
"m8-off-abba-1","1","off","100000","144","30770600","5174900","11831400","77842800","111816000"
"m8-off-abba-1","1","off","100000","145","33820400","5566100","12359900","76435200","148668800"
"m8-off-abba-1","1","off","100000","146","32215900","5872600","12691700","66587500","106383700"
"m8-off-abba-1","1","off","100000","147","29903600","4938600","10804500","72320200","102857400"
"m8-off-abba-1","1","off","100000","148","29804300","5121300","10373000","63594900","93538000"
"m8-off-abba-1","1","off","100000","149","29786600","4933500","10138300","66294100","96226800"
"m8-off-abba-1","1","off","100000","150","30852200","5608200","11589900","62913000","93924400"
"m8-off-abba-1","1","off","100000","151","29835500","4980800","10662500","62298500","92314300"
"m8-off-abba-1","1","off","100000","152","28778300","4980900","10371100","62841200","91748200"
"m8-off-abba-1","1","off","100000","153","29841300","5072700","10659600","61159400","91147800"
"m8-off-abba-1","1","off","100000","154","29161600","4885300","10157300","63282100","92655400"
"m8-off-abba-1","1","off","100000","155","31277100","5168800","10681000","62398800","93833300"
"m8-off-abba-1","1","off","100000","156","30131700","5287900","11158400","65377400","96291000"
"m8-off-abba-1","1","off","100000","157","31286700","5671700","11401700","66379100","98093000"
"m8-off-abba-1","1","off","100000","158","35140800","5236500","11806700","67910900","103192200"
"m8-off-abba-1","1","off","100000","159","30626500","5492100","10811200","64848000","95677400"
"m8-off-abba-1","1","off","100000","160","30020600","5056200","10539400","67885500","98029300"
"m8-off-abba-1","1","off","100000","161","32869600","5882600","12058700","67418700","133924800"
"m8-off-abba-1","1","off","100000","162","31740800","5432700","10782200","67998600","103822800"
"m8-off-abba-1","1","off","100000","163","31408500","5170000","11027500","65099700","96669300"
"m8-off-abba-1","1","off","100000","164","30691600","5085700","10773200","64398200","95224000"
"m8-off-abba-1","1","off","100000","165","30934300","5325400","10891100","63670200","94977800"
"m8-off-abba-1","1","off","100000","166","33068400","5244500","11117600","64600300","98451400"
"m8-off-abba-1","1","off","100000","167","32399200","5621400","11454500","68654200","101602600"
"m8-off-abba-1","1","off","100000","168","31952600","5141000","10811800","67054600","99528200"
"m8-off-abba-1","1","off","100000","169","34657800","5503500","11503700","71881600","106759200"
"m8-off-abba-1","1","off","100000","170","31619200","5382100","11809000","65915900","97780300"
"m8-off-abba-1","1","off","100000","171","32512200","5395600","11338800","66197100","98862200"
"m8-off-abba-1","1","off","100000","172","30554300","5178300","10781000","65389200","96172400"
"m8-off-abba-1","1","off","100000","173","30663800","5257200","11098500","67380900","98221200"
"m8-off-abba-1","1","off","100000","174","30530700","5306100","10660000","65748500","96448100"
"m8-off-abba-1","1","off","100000","175","32016900","5554900","11666000","65755600","97924300"
"m8-off-abba-1","1","off","100000","176","30281500","5145100","10904200","67266500","97739600"
"m8-off-abba-1","1","off","100000","177","31586900","5536800","11450100","68216700","132535800"
"m8-off-abba-1","1","off","100000","178","31456300","5294500","10970200","65624200","101245800"
"m8-off-abba-1","1","off","100000","179","33687000","5152000","11749500","67576600","101405100"
"m8-off-abba-1","1","off","100000","180","31121100","5164600","10729100","66538900","97805400"
"m8-off-abba-1","1","off","100000","181","31649800","5339400","11385500","67607900","99674000"
"m8-off-abba-1","1","off","100000","182","32485400","5281200","11417900","65871200","98576300"
"m8-off-abba-1","1","off","100000","183","31246000","5392300","11383100","73486200","105141300"
"m8-off-abba-1","1","off","100000","184","36996900","5831800","12936900","76390400","113642200"
"m8-off-abba-1","1","off","100000","185","35058100","5825900","12454700","74650400","110089600"
"m8-off-abba-1","1","off","100000","186","30421200","4948100","10551900","71853900","102526000"
"m8-off-abba-1","1","off","100000","187","31369700","5802500","11631700","64240000","95746200"
"m8-off-abba-1","1","off","100000","188","29142200","4898500","10590100","63018900","92307200"
"m8-off-abba-1","1","off","100000","189","31719100","5488900","11826500","62840000","95381100"
"m8-off-abba-1","1","off","100000","190","31660100","5326100","11024900","75364000","107425200"
"m8-off-abba-1","1","off","100000","191","32096000","6732100","12700600","64508200","96772800"
"m8-off-abba-1","1","off","100000","192","29720300","5327400","10971900","75089200","104962500"
"m8-off-abba-1","1","off","100000","193","37856600","5191500","11580800","67368300","169728900"
"m8-off-abba-1","1","off","100000","194","30449900","5065400","10667900","74498300","115233800"
"m8-off-abba-1","1","off","100000","195","33052300","5447300","12733700","66698500","99879000"
"m8-off-abba-1","1","off","100000","196","30049800","5073200","10842100","67414700","97789700"
"m8-off-abba-1","1","off","100000","197","32481000","6070000","11900900","68338600","101045700"
"m8-off-abba-1","1","off","100000","198","31542600","5314800","11326600","74332600","106085100"
"m8-off-abba-1","1","off","100000","199","30193500","5160800","10922700","66070600","96637800"
"m8-off-abba-1","1","off","100000","200","30026800","5283300","10650900","67169100","97367500"
"m8-off-abba-1","1","off","100000","201","33588300","5214300","11762100","63491200","97221600"
"m8-off-abba-1","1","off","100000","202","29945100","5280400","11175500","72535500","102829500"
"m8-off-abba-1","1","off","100000","203","33192900","6118600","12297800","73975900","107773400"
"m8-off-abba-1","1","off","100000","204","36048500","7077700","13462300","69450000","105648600"
"m8-off-abba-1","1","off","100000","205","29295800","4996100","10684500","63867200","93320700"
"m8-off-abba-1","1","off","100000","206","29542300","4998700","10396300","69755800","99432500"
"m8-off-abba-1","1","off","100000","207","29780500","5104200","10926300","62379200","92322200"
"m8-off-abba-1","1","off","100000","208","29895400","5158800","11076400","63291400","93328700"
"m8-off-abba-1","1","off","100000","209","31647300","6282700","11696000","62049200","135456000"
"m8-off-abba-1","1","off","100000","210","31186600","5186900","11323900","64335000","102273600"
"m8-off-abba-1","1","off","100000","211","36257500","5126200","10910100","74833200","111294200"
"m8-off-abba-1","1","off","100000","212","34515000","5935700","12054300","80699000","115380400"
"m8-off-abba-1","1","off","100000","213","32194200","5449200","11604300","66371400","98698800"
"m8-off-abba-1","1","off","100000","214","28908300","5072300","10504300","62314600","91357500"
"m8-off-abba-1","1","off","100000","215","29804000","5000600","10842700","64852600","94815700"
"m8-off-abba-1","1","off","100000","216","29797300","5216800","11062900","63868400","93810000"
"m8-off-abba-1","1","off","100000","217","29811600","5158400","10622800","62499100","92469200"
"m8-off-abba-1","1","off","100000","218","30144000","5332300","11300400","61757500","92065400"
"m8-off-abba-1","1","off","100000","219","33860200","7467700","15336800","63263100","97291300"
"m8-off-abba-1","1","off","100000","220","31442500","5544900","11932700","64969200","96551400"
"m8-off-abba-1","1","off","100000","221","30754700","5342000","11749800","63388700","94310500"
"m8-off-abba-1","1","off","100000","222","33364300","5124800","13286100","73428500","106936100"
"m8-off-abba-1","1","off","100000","223","31705900","5346000","11663100","67188600","99049300"
"m8-off-abba-1","1","off","100000","224","31768900","5384400","12016600","69811300","102093000"
"m8-off-abba-1","1","off","100000","225","30496400","5027700","11229000","65731400","139590800"
"m8-off-abba-1","1","off","100000","226","31329000","5588100","12513000","65082100","103673700"
"m8-off-abba-1","1","off","100000","227","31981700","4988400","11252300","80462500","112662100"
"m8-off-abba-1","1","off","100000","228","36141200","6360900","12991600","76457200","112796100"
"m8-off-abba-1","1","off","100000","229","32783600","5631600","12935600","64157800","97272700"
"m8-off-abba-1","1","off","100000","230","30980000","4988400","11749200","63493000","94719400"
"m8-off-abba-1","1","off","100000","231","32619600","5294100","11815700","73357000","106217700"
"m8-off-abba-1","1","off","100000","232","34558100","6272700","13740500","67101200","101881200"
"m8-off-abba-1","1","off","100000","233","31941900","5129100","12193600","66913200","99195500"
"m8-off-abba-1","1","off","100000","234","31178300","5464700","12248600","65226700","96626400"
"m8-off-abba-1","1","off","100000","235","30730800","4989100","11568000","63528300","94418700"
"m8-off-abba-1","1","off","100000","236","32969300","5689100","13031500","63441200","96567200"
"m8-off-abba-1","1","off","100000","237","30548900","5021700","11187500","64014000","94720600"
"m8-off-abba-1","1","off","100000","238","32048100","5157200","12130400","68013600","100413300"
"m8-off-abba-1","1","off","100000","239","33281500","5700500","13318300","67610100","101112200"
"m8-off-abba-1","1","off","100000","240","32174200","5409800","12902200","64985500","97297200"
"m8-off-abba-1","1","off","100000","241","31781900","5245400","11883100","65480000","138636800"
"m8-off-abba-1","1","off","100000","242","34034900","5086900","13563600","67306600","107918600"
"m8-off-abba-1","1","off","100000","243","32842900","5425800","12833600","67406100","100444000"
"m8-off-abba-1","1","off","100000","244","31589900","5103700","11872200","62810900","94538700"
"m8-off-abba-1","1","off","100000","245","31970700","5577400","12555100","65396800","97507100"
"m8-off-abba-1","1","off","100000","246","33690800","5221100","12064900","64962500","99235500"
"m8-off-abba-1","1","off","100000","247","34241000","5576100","12444100","68902100","103294000"
"m8-off-abba-1","1","off","100000","248","31110700","5241300","11748100","66925500","98385000"
"m8-off-abba-1","1","off","100000","249","32725700","5344300","12560900","68013300","101147400"
"m8-off-abba-1","1","off","100000","250","32193600","5375100","12635100","63294100","95862300"
"m8-off-abba-1","1","off","100000","251","32803100","5560300","12695800","64785900","97904000"
"m8-off-abba-1","1","off","100000","252","31382600","5184600","12189200","63790400","95307900"
"m8-off-abba-1","1","off","100000","253","31182000","5132700","12101000","64014500","95378200"
"m8-off-abba-1","1","off","100000","254","32955900","5017400","11544500","72257600","105615300"
"m8-off-abba-1","1","off","100000","255","35286200","5746900","13695900","75246100","110775500"
"m8-off-abba-1","1","off","100000","256","37147000","6502600","14310900","76117200","113372200"
"m8-on-abba-2","2","on","100000","65","29459900","4225300","9348900","58746200","115392200"
"m8-on-abba-2","2","on","100000","66","26908100","4106300","8923100","56982100","87671900"
"m8-on-abba-2","2","on","100000","67","26097300","3942200","8532500","56676700","82971700"
"m8-on-abba-2","2","on","100000","68","26549400","3942100","8527700","58279500","84974400"
"m8-on-abba-2","2","on","100000","69","27176200","4012800","9067900","61408900","88804700"
"m8-on-abba-2","2","on","100000","70","31535700","4747400","9842900","71394400","103066400"
"m8-on-abba-2","2","on","100000","71","32775200","4729000","10270300","62823000","95731900"
"m8-on-abba-2","2","on","100000","72","27217200","3854700","8420500","60650400","88027400"
"m8-on-abba-2","2","on","100000","73","27381000","3958000","8476900","64913200","92441500"
"m8-on-abba-2","2","on","100000","74","26734600","4125400","8807300","57014400","83875900"
"m8-on-abba-2","2","on","100000","75","28574400","4084100","8892600","67891400","96674500"
"m8-on-abba-2","2","on","100000","76","30561700","4584100","10348400","62425100","93188700"
"m8-on-abba-2","2","on","100000","77","28157200","4215200","8618800","59152700","87466200"
"m8-on-abba-2","2","on","100000","78","27823500","4055600","8627300","65651500","93655900"
"m8-on-abba-2","2","on","100000","79","31015900","5998600","10818500","60430500","91584800"
"m8-on-abba-2","2","on","100000","80","26615600","3991200","8649100","57838800","84682500"
"m8-on-abba-2","2","on","100000","81","29498300","4139000","8711100","68743300","115660900"
"m8-on-abba-2","2","on","100000","82","29738300","4680800","10032700","59839600","92418600"
"m8-on-abba-2","2","on","100000","83","28506500","4547500","9474300","60675400","89356300"
"m8-on-abba-2","2","on","100000","84","29749800","4868800","9929100","61852100","92751900"
"m8-on-abba-2","2","on","100000","85","27759400","4305600","9288100","59573600","92118200"
"m8-on-abba-2","2","on","100000","86","27508400","4043400","8574800","58734800","86554600"
"m8-on-abba-2","2","on","100000","87","32701200","4139000","10020900","58988000","91826400"
"m8-on-abba-2","2","on","100000","88","26166000","3922400","8340900","57825900","84139300"
"m8-on-abba-2","2","on","100000","89","26035100","4051700","8609200","58593100","84758500"
"m8-on-abba-2","2","on","100000","90","27383700","4113100","8941700","60819200","88334700"
"m8-on-abba-2","2","on","100000","91","27936300","4298700","9310000","62154500","90242900"
"m8-on-abba-2","2","on","100000","92","27324200","4089500","8961300","61257200","88756100"
"m8-on-abba-2","2","on","100000","93","26708100","4017000","8515800","58708800","85856400"
"m8-on-abba-2","2","on","100000","94","29418300","3962600","9827800","61500300","92325800"
"m8-on-abba-2","2","on","100000","95","29596500","4042800","10011300","60744400","91876900"
"m8-on-abba-2","2","on","100000","96","27860000","3944900","9057300","58193200","86527900"
"m8-on-abba-2","2","on","100000","97","27453600","4143500","9438000","63139900","110353800"
"m8-on-abba-2","2","on","100000","98","29583400","3979800","9922900","59131200","91591100"
"m8-on-abba-2","2","on","100000","99","27991100","4111500","9394100","60492900","88696700"
"m8-on-abba-2","2","on","100000","100","29437800","4324400","9669300","61270700","90839300"
"m8-on-abba-2","2","on","100000","101","28147700","3942500","9367300","57085200","85381500"
"m8-on-abba-2","2","on","100000","102","27326300","3952200","9421200","58281800","85739200"
"m8-on-abba-2","2","on","100000","103","27439200","3973400","9210200","61845300","90059300"
"m8-on-abba-2","2","on","100000","104","34805000","4110300","13683500","70859400","112023900"
"m8-on-abba-2","2","on","100000","105","32774900","4260400","12882600","63486600","99242300"
"m8-on-abba-2","2","on","100000","106","29913600","4225000","10652600","64779700","94894100"
"m8-on-abba-2","2","on","100000","107","32258700","4538700","10833600","64295000","96745500"
"m8-on-abba-2","2","on","100000","108","32253200","4354200","11337200","65409000","97862600"
"m8-on-abba-2","2","on","100000","109","29947000","3846700","9905300","60358000","90501000"
"m8-on-abba-2","2","on","100000","110","28366100","3822800","9784700","64253400","92753000"
"m8-on-abba-2","2","on","100000","111","30905800","4115700","10989800","65991000","97044900"
"m8-on-abba-2","2","on","100000","112","31058800","3824300","9927800","63786700","94995300"
"m8-on-abba-2","2","on","100000","113","31341000","4272800","10887500","61863700","118343500"
"m8-on-abba-2","2","on","100000","114","30539800","3901500","10765500","61079100","94070200"
"m8-on-abba-2","2","on","100000","115","30415200","3804100","10025700","61074200","91686100"
"m8-on-abba-2","2","on","100000","116","28779400","3830000","9747700","61819900","90758000"
"m8-on-abba-2","2","on","100000","117","29884200","3842200","10136000","61645000","91719300"
"m8-on-abba-2","2","on","100000","118","30458600","3983800","10464200","61755800","92382500"
"m8-on-abba-2","2","on","100000","119","34759700","4719000","11661800","72069300","107084100"
"m8-on-abba-2","2","on","100000","120","30083500","3903200","10392800","63283400","93711100"
"m8-on-abba-2","2","on","100000","121","31568800","4064400","11786700","74738400","106846900"
"m8-on-abba-2","2","on","100000","122","35626900","4517500","12679100","81831800","120354700"
"m8-on-abba-2","2","on","100000","123","33587300","4353000","11343700","62224300","97213100"
"m8-on-abba-2","2","on","100000","124","31033400","4046800","10310100","69477300","100670100"
"m8-on-abba-2","2","on","100000","125","34224000","5263900","12471300","64472100","98909900"
"m8-on-abba-2","2","on","100000","126","34236500","4890400","12387100","60965700","95522700"
"m8-on-abba-2","2","on","100000","127","31245500","4000900","10914800","65723500","97263600"
"m8-on-abba-2","2","on","100000","128","37830000","5213400","12614800","65397200","103354900"
"m8-on-abba-2","2","on","100000","129","33524800","4272600","10883100","63283700","156644300"
"m8-on-abba-2","2","on","100000","130","29738100","3953600","10150300","65308000","103562200"
"m8-on-abba-2","2","on","100000","131","29367400","3900200","10537400","61308400","90824600"
"m8-on-abba-2","2","on","100000","132","29483800","3941900","10674900","61104300","91171200"
"m8-on-abba-2","2","on","100000","133","29468300","4070700","10455300","63342000","93105800"
"m8-on-abba-2","2","on","100000","134","32476300","4485000","11294700","65856900","98467600"
"m8-on-abba-2","2","on","100000","135","30550900","3896900","11119300","66749000","97924600"
"m8-on-abba-2","2","on","100000","136","34216600","4155000","11433900","69789100","106463900"
"m8-on-abba-2","2","on","100000","137","30957700","4196700","10747900","74692300","106288700"
"m8-on-abba-2","2","on","100000","138","32781500","5080100","11943100","64277600","97198400"
"m8-on-abba-2","2","on","100000","139","28743100","4437500","10161100","64273900","93360500"
"m8-on-abba-2","2","on","100000","140","34537400","4493800","12344500","72729900","107494200"
"m8-on-abba-2","2","on","100000","141","29917800","3918400","10548400","60626500","90680500"
"m8-on-abba-2","2","on","100000","142","31553900","4107100","10480800","65629600","97323200"
"m8-on-abba-2","2","on","100000","143","29687200","4069200","10349900","66982500","96850500"
"m8-on-abba-2","2","on","100000","144","29838300","4097200","10866000","63420400","96078400"
"m8-on-abba-2","2","on","100000","145","29651200","4124500","10424800","61045800","122491400"
"m8-on-abba-2","2","on","100000","146","33624900","4077200","10731400","76469900","115180700"
"m8-on-abba-2","2","on","100000","147","38103100","4903900","11221500","74576000","113857300"
"m8-on-abba-2","2","on","100000","148","31013400","4990000","11367700","65088900","96293200"
"m8-on-abba-2","2","on","100000","149","35203200","4970100","11835300","61925300","97286700"
"m8-on-abba-2","2","on","100000","150","28663300","3883400","9635000","63696600","92540500"
"m8-on-abba-2","2","on","100000","151","28270300","3820000","9209800","61121800","89550300"
"m8-on-abba-2","2","on","100000","152","28207600","4065800","9697500","60906700","89271700"
"m8-on-abba-2","2","on","100000","153","30306000","3931900","9611600","66533200","96987800"
"m8-on-abba-2","2","on","100000","154","31091800","3932800","9556100","62875100","94142600"
"m8-on-abba-2","2","on","100000","155","29707500","4021400","9414800","62773600","92643600"
"m8-on-abba-2","2","on","100000","156","29323800","3978800","10347200","65633100","95754700"
"m8-on-abba-2","2","on","100000","157","29598500","4158500","10109900","63250400","93165100"
"m8-on-abba-2","2","on","100000","158","27101200","3975000","9257700","60414500","87652600"
"m8-on-abba-2","2","on","100000","159","28384700","4157000","9753800","61554200","90127200"
"m8-on-abba-2","2","on","100000","160","28724700","3942400","9524100","61561900","90402500"
"m8-on-abba-2","2","on","100000","161","31401300","4098900","9980900","64683300","124167000"
"m8-on-abba-2","2","on","100000","162","29653700","4516800","10528400","64937800","98399900"
"m8-on-abba-2","2","on","100000","163","27999400","4014600","9600600","62976600","91118900"
"m8-on-abba-2","2","on","100000","164","28266700","3997400","9506500","62846700","91254500"
"m8-on-abba-2","2","on","100000","165","29456600","4397900","9654500","66547200","96420100"
"m8-on-abba-2","2","on","100000","166","31739000","4115900","9647200","67324300","99843700"
"m8-on-abba-2","2","on","100000","167","27941400","3973900","9155900","63329800","91784700"
"m8-on-abba-2","2","on","100000","168","28037100","4217400","9709400","64974300","93448900"
"m8-on-abba-2","2","on","100000","169","27835500","3879300","9176100","64397800","92486800"
"m8-on-abba-2","2","on","100000","170","29576100","4090400","10052900","61122500","90890500"
"m8-on-abba-2","2","on","100000","171","28350100","4171800","9795800","60600600","89109800"
"m8-on-abba-2","2","on","100000","172","29734900","3959700","10163700","63453100","93389500"
"m8-on-abba-2","2","on","100000","173","30188700","4625900","10749600","65761000","96292000"
"m8-on-abba-2","2","on","100000","174","29012600","4102200","9928000","63086200","92228700"
"m8-on-abba-2","2","on","100000","175","29878700","4106100","9869500","62995000","93036000"
"m8-on-abba-2","2","on","100000","176","28960700","4153800","9489800","63586900","92692000"
"m8-on-abba-2","2","on","100000","177","28098700","4202600","9825100","61865900","118790800"
"m8-on-abba-2","2","on","100000","178","30008200","4439800","10711400","62672400","96481600"
"m8-on-abba-2","2","on","100000","179","30406300","4498000","10459100","64062700","94625300"
"m8-on-abba-2","2","on","100000","180","28497600","4111500","9812500","64031200","92677900"
"m8-on-abba-2","2","on","100000","181","31542800","4056700","9547400","61097400","92959800"
"m8-on-abba-2","2","on","100000","182","28153100","3862800","9344900","60638400","88977600"
"m8-on-abba-2","2","on","100000","183","28363200","3968300","9117000","63643100","92347900"
"m8-on-abba-2","2","on","100000","184","30282400","3859200","11137800","63413600","93946500"
"m8-on-abba-2","2","on","100000","185","29350600","4084400","9328900","64256300","94004200"
"m8-on-abba-2","2","on","100000","186","29150400","4697500","10559200","64369800","93768800"
"m8-on-abba-2","2","on","100000","187","28589400","4012700","9780600","60812000","89542500"
"m8-on-abba-2","2","on","100000","188","28419900","4060200","9533500","62443200","91044100"
"m8-on-abba-2","2","on","100000","189","29053100","4382400","10353900","67525600","97347100"
"m8-on-abba-2","2","on","100000","190","35043600","5240400","12667000","74000400","109578200"
"m8-on-abba-2","2","on","100000","191","30192600","4078700","10051900","86217000","116538100"
"m8-on-abba-2","2","on","100000","192","30174200","4210300","10295300","69436600","99809100"
"m8-on-abba-2","2","on","100000","193","34766800","4117800","10847500","64709300","165613500"
"m8-on-abba-2","2","on","100000","194","31441000","4047300","9738100","66011400","107616000"
"m8-on-abba-2","2","on","100000","195","27694400","3916800","9368200","62450800","90322000"
"m8-on-abba-2","2","on","100000","196","27432800","3926700","9461400","62210100","89954300"
"m8-on-abba-2","2","on","100000","197","30696300","4369500","10340100","85602100","116656000"
"m8-on-abba-2","2","on","100000","198","36615700","4973800","12488500","80221100","117084500"
"m8-on-abba-2","2","on","100000","199","36817900","4952500","12089600","70738700","107969400"
"m8-on-abba-2","2","on","100000","200","39304100","6333700","13351600","84098000","123533900"
"m8-on-abba-2","2","on","100000","201","34960300","4904100","10990200","82974400","118082500"
"m8-on-abba-2","2","on","100000","202","37678600","5834200","12813600","66242600","104268200"
"m8-on-abba-2","2","on","100000","203","27763300","4017900","9313900","66390800","94877800"
"m8-on-abba-2","2","on","100000","204","35341000","4792800","11389000","75641700","111139400"
"m8-on-abba-2","2","on","100000","205","32276500","4049300","10612800","64631300","97032400"
"m8-on-abba-2","2","on","100000","206","28400300","4069300","9827500","64419400","92945700"
"m8-on-abba-2","2","on","100000","207","34293100","5133900","12836600","76627000","111081200"
"m8-on-abba-2","2","on","100000","208","30011800","3980600","9600800","76773700","106946200"
"m8-on-abba-2","2","on","100000","209","37090300","5079500","12917800","78661700","167655000"
"m8-on-abba-2","2","on","100000","210","37026000","5232600","12446400","77756600","124907900"
"m8-on-abba-2","2","on","100000","211","37592400","5572300","13769500","75564700","113360000"
"m8-on-abba-2","2","on","100000","212","29657000","4619400","10470400","60990400","90796700"
"m8-on-abba-2","2","on","100000","213","29723500","4582300","10167400","61016800","90877500"
"m8-on-abba-2","2","on","100000","214","28925600","4286900","10157100","60123400","89186300"
"m8-on-abba-2","2","on","100000","215","27191500","3897900","9310300","78084900","105422600"
"m8-on-abba-2","2","on","100000","216","36088500","5491200","13002800","75175400","111413000"
"m8-on-abba-2","2","on","100000","217","28226200","3967600","9288800","62843600","91228400"
"m8-on-abba-2","2","on","100000","218","28717300","4528900","10108200","61264100","90149800"
"m8-on-abba-2","2","on","100000","219","30281100","4127600","9963600","77239100","107707600"
"m8-on-abba-2","2","on","100000","220","37211000","5190300","13541700","80374300","117717500"
"m8-on-abba-2","2","on","100000","221","35005800","4780800","12809400","81666900","116826800"
"m8-on-abba-2","2","on","100000","222","33346600","4647100","11810000","74465100","107954700"
"m8-on-abba-2","2","on","100000","223","33682400","4591600","12023200","79831500","113650000"
"m8-on-abba-2","2","on","100000","224","30172700","4244300","10309400","63282100","93907700"
"m8-on-abba-2","2","on","100000","225","31017200","4217400","10860800","68250300","145635700"
"m8-on-abba-2","2","on","100000","226","31684400","4515800","11488600","65714400","104725900"
"m8-on-abba-2","2","on","100000","227","29976600","4055400","10517000","61459400","91659100"
"m8-on-abba-2","2","on","100000","228","29563100","4089400","10821600","62640500","92357400"
"m8-on-abba-2","2","on","100000","229","30764200","4135000","10362300","67143800","98276300"
"m8-on-abba-2","2","on","100000","230","31587300","4313500","10716800","79081400","110870000"
"m8-on-abba-2","2","on","100000","231","32725300","4386900","11022000","65128700","98133700"
"m8-on-abba-2","2","on","100000","232","30808700","4913800","11575200","64652700","95609200"
"m8-on-abba-2","2","on","100000","233","31391600","4546400","11906900","63771400","95488800"
"m8-on-abba-2","2","on","100000","234","30851000","4479000","11218600","64969700","96058700"
"m8-on-abba-2","2","on","100000","235","30830800","4756000","11793300","64588400","95609500"
"m8-on-abba-2","2","on","100000","236","31592300","4408500","11397600","65484800","97247800"
"m8-on-abba-2","2","on","100000","237","30867100","4669900","11978600","61804000","92806800"
"m8-on-abba-2","2","on","100000","238","31876600","4213000","11125200","64712600","96919200"
"m8-on-abba-2","2","on","100000","239","31096400","4153400","11784400","66562000","97902200"
"m8-on-abba-2","2","on","100000","240","30181500","4092900","11311400","62072000","92416600"
"m8-on-abba-2","2","on","100000","241","31039200","4018800","11078300","61153100","131803600"
"m8-on-abba-2","2","on","100000","242","29938500","4178200","11208500","62254000","98470500"
"m8-on-abba-2","2","on","100000","243","30821100","4164100","11418100","64841500","95872500"
"m8-on-abba-2","2","on","100000","244","31372200","4398800","11478300","65206300","96732900"
"m8-on-abba-2","2","on","100000","245","31266100","4265100","11626400","66026700","97435200"
"m8-on-abba-2","2","on","100000","246","30337900","4191600","10708400","64677200","95250900"
"m8-on-abba-2","2","on","100000","247","31906500","4540200","12192500","65026700","97082100"
"m8-on-abba-2","2","on","100000","248","31381400","4455300","11639700","65373100","97082700"
"m8-on-abba-2","2","on","100000","249","30783900","4306100","11364600","64034000","95017400"
"m8-on-abba-2","2","on","100000","250","28819700","3918200","10413500","61108500","90266200"
"m8-on-abba-2","2","on","100000","251","29936800","4045700","10919900","61641400","91849300"
"m8-on-abba-2","2","on","100000","252","30417400","4066600","10905700","66164000","96728900"
"m8-on-abba-2","2","on","100000","253","30049900","4225000","10940200","66210000","96472500"
"m8-on-abba-2","2","on","100000","254","32246700","4529700","11852300","66478200","99048900"
"m8-on-abba-2","2","on","100000","255","31299700","4414100","11655600","65622300","97145000"
"m8-on-abba-2","2","on","100000","256","32516400","4439600","11610800","67393000","100040600"
"m8-on-abba-3","3","on","100000","65","28473500","4124500","8788200","56603800","112434700"
"m8-on-abba-3","3","on","100000","66","28463700","3906100","8323800","58227900","90261500"
"m8-on-abba-3","3","on","100000","67","28658900","4232500","9221000","56453500","85305300"
"m8-on-abba-3","3","on","100000","68","30585000","4024600","8985100","59368600","90095600"
"m8-on-abba-3","3","on","100000","69","26303600","3962300","8594900","57247100","83698200"
"m8-on-abba-3","3","on","100000","70","26020900","4135200","8520800","58805300","85105500"
"m8-on-abba-3","3","on","100000","71","31222800","4889200","10274800","69696500","101071500"
"m8-on-abba-3","3","on","100000","72","29194700","3956500","8392400","71545500","100872400"
"m8-on-abba-3","3","on","100000","73","30495800","5005100","10445000","66940500","97582700"
"m8-on-abba-3","3","on","100000","74","27468100","4199300","8825100","66171700","93774100"
"m8-on-abba-3","3","on","100000","75","30942500","4665900","9816100","67740500","98821700"
"m8-on-abba-3","3","on","100000","76","31476600","4595200","10559500","57702700","89314900"
"m8-on-abba-3","3","on","100000","77","29610800","4649000","9629100","65631500","95387500"
"m8-on-abba-3","3","on","100000","78","30198300","4907200","10571700","66891800","97485400"
"m8-on-abba-3","3","on","100000","79","31886100","5645800","11651500","64030300","96048300"
"m8-on-abba-3","3","on","100000","80","30399600","5715500","12010000","56271900","86876200"
"m8-on-abba-3","3","on","100000","81","27998000","4309900","9323500","56291400","99671900"
"m8-on-abba-3","3","on","100000","82","27234800","3947200","8755000","56301100","85804300"
"m8-on-abba-3","3","on","100000","83","29177500","4629200","10483500","57073300","86379600"
"m8-on-abba-3","3","on","100000","84","26748200","4015000","9104700","58416600","86281200"
"m8-on-abba-3","3","on","100000","85","27643200","4102200","8795500","56977700","89478200"
"m8-on-abba-3","3","on","100000","86","26797900","4173400","8621000","56745300","83844200"
"m8-on-abba-3","3","on","100000","87","26194900","3875400","8243300","56240500","82575900"
"m8-on-abba-3","3","on","100000","88","25605300","3861600","8171100","59991200","85733800"
"m8-on-abba-3","3","on","100000","89","26721200","4098900","8727900","60263500","87122900"
"m8-on-abba-3","3","on","100000","90","27279700","4401700","9008800","57942300","85403800"
"m8-on-abba-3","3","on","100000","91","26396200","4088000","8695300","56556800","83094000"
"m8-on-abba-3","3","on","100000","92","27794300","4153700","9036300","59419800","87392400"
"m8-on-abba-3","3","on","100000","93","26857200","4119900","8727400","57502400","84771900"
"m8-on-abba-3","3","on","100000","94","27476700","3891800","9392100","62650400","91646500"
"m8-on-abba-3","3","on","100000","95","27940900","4041400","9691800","61796000","91130400"
"m8-on-abba-3","3","on","100000","96","27764100","3978100","9328000","57655700","85848200"
"m8-on-abba-3","3","on","100000","97","27604500","4148000","9558400","57635900","103591100"
"m8-on-abba-3","3","on","100000","98","28264500","4233600","9483500","57304400","87876700"
"m8-on-abba-3","3","on","100000","99","27919800","4151000","9429500","58735200","86789300"
"m8-on-abba-3","3","on","100000","100","27967900","4133500","9324200","57391900","85576400"
"m8-on-abba-3","3","on","100000","101","27352600","3920900","9262300","63186200","90707100"
"m8-on-abba-3","3","on","100000","102","29488400","4159700","9891500","62139300","91767400"
"m8-on-abba-3","3","on","100000","103","28672000","4383900","10185600","60205500","89479300"
"m8-on-abba-3","3","on","100000","104","33825300","4247300","13306500","67116200","107154100"
"m8-on-abba-3","3","on","100000","105","31893900","4120100","10467100","63160400","97973100"
"m8-on-abba-3","3","on","100000","106","30308000","4363400","10934400","63328600","93842000"
"m8-on-abba-3","3","on","100000","107","30049400","4308400","11108700","60911100","91097900"
"m8-on-abba-3","3","on","100000","108","30219100","4221200","11006400","62801700","93178200"
"m8-on-abba-3","3","on","100000","109","30404900","4275000","10949500","64397700","94942300"
"m8-on-abba-3","3","on","100000","110","29558000","4578000","10669900","60478400","90182100"
"m8-on-abba-3","3","on","100000","111","29383000","3823800","10969700","61022600","90537800"
"m8-on-abba-3","3","on","100000","112","30602700","3877000","11211200","63599100","94337200"
"m8-on-abba-3","3","on","100000","113","30761800","4203700","10248600","60846100","116910300"
"m8-on-abba-3","3","on","100000","114","31041800","4059600","10700700","64428600","97972000"
"m8-on-abba-3","3","on","100000","115","30237800","4096900","10478200","66103400","96512400"
"m8-on-abba-3","3","on","100000","116","29947600","4032100","10785200","61838000","91942500"
"m8-on-abba-3","3","on","100000","117","30755000","4451500","11239000","63154100","94087300"
"m8-on-abba-3","3","on","100000","118","30133600","4218400","11146900","59800000","90086900"
"m8-on-abba-3","3","on","100000","119","28956600","3903000","10182400","60146000","89315000"
"m8-on-abba-3","3","on","100000","120","29257700","3947500","10280200","62701100","92285800"
"m8-on-abba-3","3","on","100000","121","33542900","4133700","11565800","72959100","107065900"
"m8-on-abba-3","3","on","100000","122","30526700","3969900","11114400","72779200","106150900"
"m8-on-abba-3","3","on","100000","123","34010300","5087400","12661000","64970100","100253000"
"m8-on-abba-3","3","on","100000","124","32127200","4597300","10950600","62772800","95100200"
"m8-on-abba-3","3","on","100000","125","34391700","4016800","10245700","69071500","103596000"
"m8-on-abba-3","3","on","100000","126","34237800","4585800","11564000","68186500","102725600"
"m8-on-abba-3","3","on","100000","127","29237700","4094200","10170600","60630400","90135100"
"m8-on-abba-3","3","on","100000","128","29502300","4325200","10660300","60001700","89631400"
"m8-on-abba-3","3","on","100000","129","34898700","3970600","10661800","63051000","154136900"
"m8-on-abba-3","3","on","100000","130","28669100","3979000","10066000","70528700","107993100"
"m8-on-abba-3","3","on","100000","131","34858900","4815600","13406500","73448800","108464200"
"m8-on-abba-3","3","on","100000","132","31662500","3977800","11109800","74543500","106736800"
"m8-on-abba-3","3","on","100000","133","33509500","4483000","11796200","74366400","108237900"
"m8-on-abba-3","3","on","100000","134","32524400","4932600","11107700","77434500","110124300"
"m8-on-abba-3","3","on","100000","135","33692500","4657800","11973800","71325600","105787300"
"m8-on-abba-3","3","on","100000","136","34287800","4369400","12222300","65225900","101031400"
"m8-on-abba-3","3","on","100000","137","28576400","4047600","9824200","60461500","89650600"
"m8-on-abba-3","3","on","100000","138","28761300","4173200","10425600","63036600","91925400"
"m8-on-abba-3","3","on","100000","139","33102300","4708700","11697100","63129300","96643800"
"m8-on-abba-3","3","on","100000","140","30939800","4749000","10900300","73519000","104640600"
"m8-on-abba-3","3","on","100000","141","28971000","4078600","9969700","59831800","88948400"
"m8-on-abba-3","3","on","100000","142","29160800","4414900","10711700","64867600","94181200"
"m8-on-abba-3","3","on","100000","143","29978800","4209300","10346500","59739900","89856800"
"m8-on-abba-3","3","on","100000","144","29855600","3904300","10503700","76488100","109260400"
"m8-on-abba-3","3","on","100000","145","30929800","5503800","11451200","61740600","129641900"
"m8-on-abba-3","3","on","100000","146","29950500","4106100","10357400","73366800","108804800"
"m8-on-abba-3","3","on","100000","147","27946900","3959300","9184300","62655500","91153500"
"m8-on-abba-3","3","on","100000","148","27984400","4033400","9562600","60219300","88335600"
"m8-on-abba-3","3","on","100000","149","28662200","3954200","9567800","60682600","89485500"
"m8-on-abba-3","3","on","100000","150","27873800","3877900","8937100","67259000","95293300"
"m8-on-abba-3","3","on","100000","151","29952000","4250200","10334000","62382900","92487600"
"m8-on-abba-3","3","on","100000","152","29449400","3974400","9777000","67888000","97469400"
"m8-on-abba-3","3","on","100000","153","34260600","4887600","11513100","74093800","108520700"
"m8-on-abba-3","3","on","100000","154","37019600","4888400","12251300","72028500","109808700"
"m8-on-abba-3","3","on","100000","155","34961300","4524000","11590900","72150500","107290300"
"m8-on-abba-3","3","on","100000","156","31641700","3931200","11032300","63786900","96162300"
"m8-on-abba-3","3","on","100000","157","27791900","4206900","9446900","65010300","93161300"
"m8-on-abba-3","3","on","100000","158","27630500","4201900","9397900","60406300","88175100"
"m8-on-abba-3","3","on","100000","159","29981200","4199800","10294700","63159400","93348700"
"m8-on-abba-3","3","on","100000","160","29316200","4477600","9967400","60914000","90352900"
"m8-on-abba-3","3","on","100000","161","28632900","4145500","9387800","60524000","115762100"
"m8-on-abba-3","3","on","100000","162","29356100","4000500","9469000","59988500","93656100"
"m8-on-abba-3","3","on","100000","163","28873300","4057100","10099300","60321400","89342100"
"m8-on-abba-3","3","on","100000","164","31863200","4731300","10719000","60670400","92680700"
"m8-on-abba-3","3","on","100000","165","28598400","3983900","9632900","64110000","93023600"
"m8-on-abba-3","3","on","100000","166","28813100","3947100","9602600","63224800","92794700"
"m8-on-abba-3","3","on","100000","167","27455500","3954100","9146400","60666000","88601500"
"m8-on-abba-3","3","on","100000","168","29322300","4066100","9560700","64798400","94546400"
"m8-on-abba-3","3","on","100000","169","30032600","4726800","10196700","65948200","96188100"
"m8-on-abba-3","3","on","100000","170","30584200","4264500","10689900","65756600","96546100"
"m8-on-abba-3","3","on","100000","171","29484000","4409900","10506600","65534500","95178800"
"m8-on-abba-3","3","on","100000","172","30081200","4572900","10965000","64835900","95105600"
"m8-on-abba-3","3","on","100000","173","29600700","4334600","10127800","62626500","92357900"
"m8-on-abba-3","3","on","100000","174","28628900","4218100","10090100","63689700","92476200"
"m8-on-abba-3","3","on","100000","175","27564800","3996500","9198000","62186100","89898300"
"m8-on-abba-3","3","on","100000","176","28542100","4322500","9677700","61551100","90225700"
"m8-on-abba-3","3","on","100000","177","27841500","4044600","9584900","60962700","117816600"
"m8-on-abba-3","3","on","100000","178","29550600","4081400","9460500","60965900","94051900"
"m8-on-abba-3","3","on","100000","179","31262000","4423400","10161200","61498300","92899400"
"m8-on-abba-3","3","on","100000","180","30278100","3978900","9847400","65877500","96292400"
"m8-on-abba-3","3","on","100000","181","29407600","4103100","10274500","61817300","91568600"
"m8-on-abba-3","3","on","100000","182","28840700","4000800","9423400","60684200","89714000"
"m8-on-abba-3","3","on","100000","183","26906500","3838100","9091200","61997500","89253400"
"m8-on-abba-3","3","on","100000","184","28814100","3908200","10033600","63228900","92320100"
"m8-on-abba-3","3","on","100000","185","27580300","3962400","9320600","62032200","89995300"
"m8-on-abba-3","3","on","100000","186","29623700","4315800","10531900","63692600","93501100"
"m8-on-abba-3","3","on","100000","187","29312200","3995100","9516600","60734400","90211600"
"m8-on-abba-3","3","on","100000","188","27243600","3855200","9013500","61357500","88739900"
"m8-on-abba-3","3","on","100000","189","29698000","3981200","10424500","62800400","93299100"
"m8-on-abba-3","3","on","100000","190","28340200","4009600","9550100","63168200","91988000"
"m8-on-abba-3","3","on","100000","191","30386800","4235700","9728700","62766900","93317500"
"m8-on-abba-3","3","on","100000","192","30619000","4255600","9821300","65526700","96309200"
"m8-on-abba-3","3","on","100000","193","32629900","3998600","10242500","61868400","157750000"
"m8-on-abba-3","3","on","100000","194","28478300","3968700","9570900","65600300","103972000"
"m8-on-abba-3","3","on","100000","195","28426300","4215900","9756700","60242400","88799400"
"m8-on-abba-3","3","on","100000","196","28500500","4084300","10234200","76398100","105215000"
"m8-on-abba-3","3","on","100000","197","34068500","4957000","11343900","76110500","110433000"
"m8-on-abba-3","3","on","100000","198","33951700","4458600","12104700","78501300","112657600"
"m8-on-abba-3","3","on","100000","199","36659400","4435500","11857300","77346100","114147000"
"m8-on-abba-3","3","on","100000","200","33307700","5336700","11943900","75268000","108747000"
"m8-on-abba-3","3","on","100000","201","35242700","4141200","11022200","77876700","113271700"
"m8-on-abba-3","3","on","100000","202","36682200","5480000","12804100","79385900","116421000"
"m8-on-abba-3","3","on","100000","203","32823800","4567100","10614600","79161300","112197000"
"m8-on-abba-3","3","on","100000","204","34495600","4717000","11501500","62369400","97008200"
"m8-on-abba-3","3","on","100000","205","28666100","4024000","9578500","60980600","89808100"
"m8-on-abba-3","3","on","100000","206","27439500","3935800","9284400","61381500","88971900"
"m8-on-abba-3","3","on","100000","207","28737300","4068800","9738400","61297600","90184300"
"m8-on-abba-3","3","on","100000","208","28737300","4117200","10317700","77436700","106315300"
"m8-on-abba-3","3","on","100000","209","34583800","5319100","12215200","76482000","162862100"
"m8-on-abba-3","3","on","100000","210","37107200","4841300","11815800","82514700","127849400"
"m8-on-abba-3","3","on","100000","211","32849100","5450100","12262000","71859400","104938200"
"m8-on-abba-3","3","on","100000","212","34605400","5687300","12870800","82398200","117155100"
"m8-on-abba-3","3","on","100000","213","34888400","4907600","12143900","70814900","106044200"
"m8-on-abba-3","3","on","100000","214","28891400","4393000","10132000","60952100","89975500"
"m8-on-abba-3","3","on","100000","215","29827200","4236900","10229700","62894700","92874400"
"m8-on-abba-3","3","on","100000","216","33635400","5767400","13074000","62023400","95791500"
"m8-on-abba-3","3","on","100000","217","28819600","4257000","9821500","60491100","89458100"
"m8-on-abba-3","3","on","100000","218","29034600","4017100","9937200","64714100","93917100"
"m8-on-abba-3","3","on","100000","219","34401100","6409700","12937400","76779800","111468300"
"m8-on-abba-3","3","on","100000","220","36207300","4341500","12641600","74648200","111005800"
"m8-on-abba-3","3","on","100000","221","30036000","4175100","11055200","61722100","91938400"
"m8-on-abba-3","3","on","100000","222","30576500","4088100","10656900","61500100","92215200"
"m8-on-abba-3","3","on","100000","223","28757000","4002200","9981600","62971900","91868200"
"m8-on-abba-3","3","on","100000","224","30588200","4040500","10423500","66439500","97503400"
"m8-on-abba-3","3","on","100000","225","36561600","5525200","12923500","78372400","166227500"
"m8-on-abba-3","3","on","100000","226","32431000","4272700","10877800","80934300","121913700"
"m8-on-abba-3","3","on","100000","227","30646100","4132600","10361500","63060700","93905100"
"m8-on-abba-3","3","on","100000","228","30395600","4479200","10956300","61327200","91868400"
"m8-on-abba-3","3","on","100000","229","29639300","4275200","10874300","60893500","90835300"
"m8-on-abba-3","3","on","100000","230","29575900","4313500","10839200","61057900","90827400"
"m8-on-abba-3","3","on","100000","231","29524600","4272900","10656800","62592400","92559100"
"m8-on-abba-3","3","on","100000","232","28670800","4069400","9954700","62595100","91440100"
"m8-on-abba-3","3","on","100000","233","29390100","4135500","10836000","62818800","92579100"
"m8-on-abba-3","3","on","100000","234","31127700","4339100","10838700","65957000","97291500"
"m8-on-abba-3","3","on","100000","235","30108800","4308900","11371700","61875700","92157700"
"m8-on-abba-3","3","on","100000","236","29804900","4196200","10553200","62150500","92113900"
"m8-on-abba-3","3","on","100000","237","29266700","4172200","10471700","62243100","91646100"
"m8-on-abba-3","3","on","100000","238","35550400","4641800","12866600","74659600","110530800"
"m8-on-abba-3","3","on","100000","239","31171100","4432900","11883800","63717800","95181600"
"m8-on-abba-3","3","on","100000","240","30465400","4238500","10955200","67248300","97884000"
"m8-on-abba-3","3","on","100000","241","31390400","4464500","11117100","68183500","142442700"
"m8-on-abba-3","3","on","100000","242","31368300","4201800","11667800","65389500","103766100"
"m8-on-abba-3","3","on","100000","243","32365300","4283900","11833100","65401500","97991000"
"m8-on-abba-3","3","on","100000","244","32231900","4568600","12581200","63226400","95594300"
"m8-on-abba-3","3","on","100000","245","29995700","4231000","10837600","61170000","91319200"
"m8-on-abba-3","3","on","100000","246","31117700","4176200","10922200","63591900","94928800"
"m8-on-abba-3","3","on","100000","247","32398500","4090200","10774100","62088900","94638600"
"m8-on-abba-3","3","on","100000","248","30232600","3951600","11253900","66909400","97499300"
"m8-on-abba-3","3","on","100000","249","29958300","4140000","11016900","65085300","95267400"
"m8-on-abba-3","3","on","100000","250","31646100","4406600","11808300","63251800","95223300"
"m8-on-abba-3","3","on","100000","251","31397800","4099800","11391400","64168400","95824300"
"m8-on-abba-3","3","on","100000","252","29798400","4139400","11104500","62475900","92467600"
"m8-on-abba-3","3","on","100000","253","32534500","4308100","11532000","67421000","100103100"
"m8-on-abba-3","3","on","100000","254","31577200","4397300","11681500","66456300","98364900"
"m8-on-abba-3","3","on","100000","255","30279900","4332900","11120900","62636700","93109100"
"m8-on-abba-3","3","on","100000","256","30830600","4014500","10842500","66518500","97474000"
"m8-off-abba-4","4","off","100000","65","30754300","5609800","10519400","58634900","119066800"
"m8-off-abba-4","4","off","100000","66","29477500","5240400","9789800","67881300","101352500"
"m8-off-abba-4","4","off","100000","67","39019100","7320500","14032600","66192500","105432500"
"m8-off-abba-4","4","off","100000","68","27995900","5271300","9928500","76410300","104543000"
"m8-off-abba-4","4","off","100000","69","35742500","6690700","13085200","77897200","113792600"
"m8-off-abba-4","4","off","100000","70","34657000","6237100","12384200","77588900","112409500"
"m8-off-abba-4","4","off","100000","71","35730500","6494800","12244600","68507600","104371500"
"m8-off-abba-4","4","off","100000","72","32260000","5840400","11497300","59212200","91623900"
"m8-off-abba-4","4","off","100000","73","29116700","5267000","9992700","58804700","88066800"
"m8-off-abba-4","4","off","100000","74","30282200","5382700","10413300","59314000","89763100"
"m8-off-abba-4","4","off","100000","75","36261600","7002800","13417200","77206900","113633000"
"m8-off-abba-4","4","off","100000","76","36994500","7263300","12742400","80044600","117600000"
"m8-off-abba-4","4","off","100000","77","30977300","5760900","10544100","66725600","97834700"
"m8-off-abba-4","4","off","100000","78","36127600","5493100","12037900","77819800","114440000"
"m8-off-abba-4","4","off","100000","79","30034200","5975500","10622200","60228300","90444500"
"m8-off-abba-4","4","off","100000","80","28032300","5321300","9928800","61178500","89433300"
"m8-off-abba-4","4","off","100000","81","29856900","5623800","10617800","60397700","107107400"
"m8-off-abba-4","4","off","100000","82","29493400","5237300","9974100","62270200","94292800"
"m8-off-abba-4","4","off","100000","83","30143000","5653700","10570000","61233700","91510500"
"m8-off-abba-4","4","off","100000","84","30099500","5346600","10521100","63855500","94941200"
"m8-off-abba-4","4","off","100000","85","29611700","5418000","9977500","59394600","93745200"
"m8-off-abba-4","4","off","100000","86","29767200","5917500","10767900","66917100","96981100"
"m8-off-abba-4","4","off","100000","87","29878300","5450100","10286100","58070200","88099200"
"m8-off-abba-4","4","off","100000","88","28542000","5169000","9666400","60056900","88740100"
"m8-off-abba-4","4","off","100000","89","29756500","5186000","10652300","60318600","90228700"
"m8-off-abba-4","4","off","100000","90","28610300","5459200","10284200","58572600","87331900"
"m8-off-abba-4","4","off","100000","91","30229800","5173800","9847800","58421300","88800800"
"m8-off-abba-4","4","off","100000","92","28511600","5191900","9770300","57760000","86405800"
"m8-off-abba-4","4","off","100000","93","32048800","5614200","10761500","68755100","101252300"
"m8-off-abba-4","4","off","100000","94","34221100","5528200","11974600","71042700","107152200"
"m8-off-abba-4","4","off","100000","95","35239200","6280000","13145800","65734600","103121200"
"m8-off-abba-4","4","off","100000","96","31731600","5512200","11131800","65873100","98063000"
"m8-off-abba-4","4","off","100000","97","29854900","5456200","10834000","60268500","108405700"
"m8-off-abba-4","4","off","100000","98","29233700","5122700","11133900","60675500","92135900"
"m8-off-abba-4","4","off","100000","99","30406700","5262200","10852500","59716000","90363600"
"m8-off-abba-4","4","off","100000","100","29398300","5001800","10252400","58760600","88304200"
"m8-off-abba-4","4","off","100000","101","29420900","5396400","10767800","59866000","89410800"
"m8-off-abba-4","4","off","100000","102","28295500","5288500","10783900","61361100","89782100"
"m8-off-abba-4","4","off","100000","103","29043400","5184000","10493200","62482300","92360200"
"m8-off-abba-4","4","off","100000","104","35186600","5202600","14099300","74508500","118180300"
"m8-off-abba-4","4","off","100000","105","29958200","5006700","11077100","61945900","95167400"
"m8-off-abba-4","4","off","100000","106","31460300","5231800","11576500","64991800","96653100"
"m8-off-abba-4","4","off","100000","107","31715900","5299800","11673400","61818400","93686300"
"m8-off-abba-4","4","off","100000","108","29526800","4939500","10806700","60121100","89777600"
"m8-off-abba-4","4","off","100000","109","30704200","5274000","11319700","59618700","90441200"
"m8-off-abba-4","4","off","100000","110","30201100","4960100","11410100","61981400","92323700"
"m8-off-abba-4","4","off","100000","111","31231100","5250300","12111400","69162600","100525800"
"m8-off-abba-4","4","off","100000","112","37965300","5307000","13549900","69152800","107259900"
"m8-off-abba-4","4","off","100000","113","31422500","5445000","11999300","66068900","122198000"
"m8-off-abba-4","4","off","100000","114","31859500","5716800","12741100","64464600","99019100"
"m8-off-abba-4","4","off","100000","115","30470200","5243500","11727400","60333700","90944600"
"m8-off-abba-4","4","off","100000","116","31171000","5017100","11263200","63113700","94411900"
"m8-off-abba-4","4","off","100000","117","30187700","5200900","11120900","77346800","107704400"
"m8-off-abba-4","4","off","100000","118","30199000","5322400","11807200","62031300","92373100"
"m8-off-abba-4","4","off","100000","119","35227300","5356600","12342000","76161500","111590800"
"m8-off-abba-4","4","off","100000","120","34770700","5845700","12701200","71157800","106851200"
"m8-off-abba-4","4","off","100000","121","32848100","6430300","13775000","62760200","96151400"
"m8-off-abba-4","4","off","100000","122","33966300","5010400","12476500","74319900","111442400"
"m8-off-abba-4","4","off","100000","123","34991400","6043100","12947700","74566900","111283600"
"m8-off-abba-4","4","off","100000","124","34753100","5868300","13086500","70944400","105843700"
"m8-off-abba-4","4","off","100000","125","35921700","6044200","13949300","71557300","107617800"
"m8-off-abba-4","4","off","100000","126","33557900","6273600","12959700","65772400","99620900"
"m8-off-abba-4","4","off","100000","127","35455400","5993500","13213300","64724300","100547900"
"m8-off-abba-4","4","off","100000","128","34672100","5344500","12713900","63075700","97880900"
"m8-off-abba-4","4","off","100000","129","35852600","5139700","12267600","61635300","150827900"
"m8-off-abba-4","4","off","100000","130","29407200","5120100","10975300","73451900","112102400"
"m8-off-abba-4","4","off","100000","131","31808000","5115400","11784900","71313700","103262400"
"m8-off-abba-4","4","off","100000","132","36596000","6727200","13740700","69693500","106799400"
"m8-off-abba-4","4","off","100000","133","30359800","5154200","11013400","60364300","91009700"
"m8-off-abba-4","4","off","100000","134","29544700","5427500","11194200","61283000","91002500"
"m8-off-abba-4","4","off","100000","135","31360500","5330600","12331600","60744000","92744200"
"m8-off-abba-4","4","off","100000","136","30202600","5025900","11600000","74845300","107160300"
"m8-off-abba-4","4","off","100000","137","33902700","6232100","12571300","72876400","107652300"
"m8-off-abba-4","4","off","100000","138","34585000","6459900","12866800","73558700","108647000"
"m8-off-abba-4","4","off","100000","139","34552200","5697600","12782000","72530500","107409500"
"m8-off-abba-4","4","off","100000","140","35630000","6501200","13103500","66724300","102575300"
"m8-off-abba-4","4","off","100000","141","30192500","5103000","10925500","61155400","91498500"
"m8-off-abba-4","4","off","100000","142","30054000","5060000","10932200","71410400","101653900"
"m8-off-abba-4","4","off","100000","143","29743000","5075400","10905700","62584100","92482100"
"m8-off-abba-4","4","off","100000","144","31964900","5682100","12727800","64507500","99075200"
"m8-off-abba-4","4","off","100000","145","30535400","5210000","10943900","68611100","131046700"
"m8-off-abba-4","4","off","100000","146","31974100","5076300","11462500","74304400","111032800"
"m8-off-abba-4","4","off","100000","147","34321900","5912800","11424700","73198600","108214100"
"m8-off-abba-4","4","off","100000","148","33565500","5742400","12304900","74336300","108037800"
"m8-off-abba-4","4","off","100000","149","34959800","5736700","11704600","73356600","108454500"
"m8-off-abba-4","4","off","100000","150","29833600","4870200","10225000","61585500","91572800"
"m8-off-abba-4","4","off","100000","151","28815300","5050400","10091100","61782900","90742500"
"m8-off-abba-4","4","off","100000","152","28537100","5260500","10320200","60139600","88821900"
"m8-off-abba-4","4","off","100000","153","30529300","5079800","10502500","63844800","94522900"
"m8-off-abba-4","4","off","100000","154","31101000","5350600","11112900","64700700","95991900"
"m8-off-abba-4","4","off","100000","155","28443600","4887000","10441800","61039100","89659100"
"m8-off-abba-4","4","off","100000","156","30505300","5097700","11309000","62428400","93591200"
"m8-off-abba-4","4","off","100000","157","29762800","5069300","10681000","63714400","93947100"
"m8-off-abba-4","4","off","100000","158","28291400","4870000","10111400","62623800","91128000"
"m8-off-abba-4","4","off","100000","159","28684300","4921200","9873000","64862500","93775300"
"m8-off-abba-4","4","off","100000","160","31066300","5654700","11541400","61612000","92790300"
"m8-off-abba-4","4","off","100000","161","29323100","5122200","10673100","61270400","118370800"
"m8-off-abba-4","4","off","100000","162","29194100","5189000","10716600","60931100","94073200"
"m8-off-abba-4","4","off","100000","163","30318600","5071900","10751100","63839700","94331500"
"m8-off-abba-4","4","off","100000","164","30547300","5264400","10626000","63305700","93976100"
"m8-off-abba-4","4","off","100000","165","29151700","5284400","10441800","64791300","94291100"
"m8-off-abba-4","4","off","100000","166","30007900","5262800","10592600","65468600","96294700"
"m8-off-abba-4","4","off","100000","167","29544200","5154000","10457900","64396100","94540000"
"m8-off-abba-4","4","off","100000","168","29278300","5267400","10487500","64407200","94144600"
"m8-off-abba-4","4","off","100000","169","32634800","5499600","11549700","61844300","94703200"
"m8-off-abba-4","4","off","100000","170","31555800","5020800","10954100","64321900","96081300"
"m8-off-abba-4","4","off","100000","171","30709200","5619900","11372800","64374800","95231800"
"m8-off-abba-4","4","off","100000","172","30320600","5523500","11337400","64075700","94619100"
"m8-off-abba-4","4","off","100000","173","31287500","5353700","11442800","64053200","95475300"
"m8-off-abba-4","4","off","100000","174","31003100","5610100","11315400","61134000","92273900"
"m8-off-abba-4","4","off","100000","175","29361300","4979500","10692200","60837200","90353100"
"m8-off-abba-4","4","off","100000","176","29007400","4892500","10019300","60975400","90117600"
"m8-off-abba-4","4","off","100000","177","32866600","5243700","10947100","63298300","125989800"
"m8-off-abba-4","4","off","100000","178","33831200","5665000","12447900","66205600","103978100"
"m8-off-abba-4","4","off","100000","179","32719300","6375700","12379300","65302400","98189400"
"m8-off-abba-4","4","off","100000","180","33457600","5679400","11768300","64058700","97671800"
"m8-off-abba-4","4","off","100000","181","30589000","5390700","11271400","60738600","91635800"
"m8-off-abba-4","4","off","100000","182","29974800","5214800","10513300","60830500","90987600"
"m8-off-abba-4","4","off","100000","183","30212000","5159900","10615000","64116900","94677200"
"m8-off-abba-4","4","off","100000","184","30194500","5022400","11213500","63737800","94257100"
"m8-off-abba-4","4","off","100000","185","31512600","5317000","11454200","65454900","97329400"
"m8-off-abba-4","4","off","100000","186","34873600","6179400","12487800","72604500","107718300"
"m8-off-abba-4","4","off","100000","187","37928600","6746200","13165500","72515700","110574100"
"m8-off-abba-4","4","off","100000","188","34006000","6128700","12905700","73724900","107951100"
"m8-off-abba-4","4","off","100000","189","34070900","5527900","12576700","73193200","108785700"
"m8-off-abba-4","4","off","100000","190","34790400","7177700","13874500","72658800","108159800"
"m8-off-abba-4","4","off","100000","191","34144200","6247900","12723900","73557800","107841200"
"m8-off-abba-4","4","off","100000","192","35254900","6606600","12098700","71216900","106618000"
"m8-off-abba-4","4","off","100000","193","33885700","4865600","11016300","61726400","168448600"
"m8-off-abba-4","4","off","100000","194","31624100","5361400","11002600","72205200","113986300"
"m8-off-abba-4","4","off","100000","195","35535800","5581700","12760200","70209300","106241600"
"m8-off-abba-4","4","off","100000","196","37364400","5528300","12874500","72549000","110359100"
"m8-off-abba-4","4","off","100000","197","34533700","5461400","11845500","73770800","108545200"
"m8-off-abba-4","4","off","100000","198","35196300","6462500","13348800","66828200","102241000"
"m8-off-abba-4","4","off","100000","199","29175000","5065500","10696600","60976100","90297100"
"m8-off-abba-4","4","off","100000","200","29512600","5037600","11068600","63057100","92715100"
"m8-off-abba-4","4","off","100000","201","29107600","5129600","10589900","60437800","89676300"
"m8-off-abba-4","4","off","100000","202","30238100","5093300","10939800","70658800","101305100"
"m8-off-abba-4","4","off","100000","203","30436800","5218100","10876200","61564000","92199700"
"m8-off-abba-4","4","off","100000","204","29735100","5054900","10682600","71114000","100994700"
"m8-off-abba-4","4","off","100000","205","34414500","6330700","13435500","71778300","106337900"
"m8-off-abba-4","4","off","100000","206","34841800","6358100","13051900","71110200","106118200"
"m8-off-abba-4","4","off","100000","207","34311000","6704400","13115700","70254900","104753400"
"m8-off-abba-4","4","off","100000","208","29372100","5003300","10749600","69203900","98737500"
"m8-off-abba-4","4","off","100000","209","33313600","5658900","12573600","61462700","142556800"
"m8-off-abba-4","4","off","100000","210","32124000","5252900","11217600","71062800","109615300"
"m8-off-abba-4","4","off","100000","211","34962600","5904900","12509700","72271900","107562900"
"m8-off-abba-4","4","off","100000","212","34696600","5243900","11755100","74641100","109472400"
"m8-off-abba-4","4","off","100000","213","34573400","6038200","12994500","71837500","106545700"
"m8-off-abba-4","4","off","100000","214","33202700","5784200","12170700","61384900","94722400"
"m8-off-abba-4","4","off","100000","215","31663700","5140700","10777100","71793700","103599300"
"m8-off-abba-4","4","off","100000","216","35894600","6813400","13652000","73252900","109299700"
"m8-off-abba-4","4","off","100000","217","34297400","6345300","12956500","64508800","98947300"
"m8-off-abba-4","4","off","100000","218","35677500","6412700","12851200","75399900","111674700"
"m8-off-abba-4","4","off","100000","219","30785300","5271400","10873100","63274400","94221100"
"m8-off-abba-4","4","off","100000","220","34769800","5105500","11854500","74119300","109127900"
"m8-off-abba-4","4","off","100000","221","34910000","6288300","13491600","68826900","103870100"
"m8-off-abba-4","4","off","100000","222","31646100","5290500","12025400","62372600","94156400"
"m8-off-abba-4","4","off","100000","223","31553700","5411900","12022500","65759100","97448500"
"m8-off-abba-4","4","off","100000","224","32168700","5526500","12767800","66456400","99148900"
"m8-off-abba-4","4","off","100000","225","31879300","5552400","12127100","64312900","138119600"
"m8-off-abba-4","4","off","100000","226","30523900","5127300","11398400","64598800","102015800"
"m8-off-abba-4","4","off","100000","227","31594700","5603100","11887100","65405200","97271500"
"m8-off-abba-4","4","off","100000","228","31361600","5477800","11789900","64747600","96240900"
"m8-off-abba-4","4","off","100000","229","30390500","5176600","11058300","64010200","94700000"
"m8-off-abba-4","4","off","100000","230","30142200","5040400","11055700","60078700","90429300"
"m8-off-abba-4","4","off","100000","231","30124000","5072800","11135700","66001600","96346700"
"m8-off-abba-4","4","off","100000","232","30672800","5362900","11425800","61652500","92463700"
"m8-off-abba-4","4","off","100000","233","31024300","5256600","11735200","62760500","94093300"
"m8-off-abba-4","4","off","100000","234","32114000","5277300","12135300","62956300","95317400"
"m8-off-abba-4","4","off","100000","235","30138200","5100400","11512900","61114700","91400800"
"m8-off-abba-4","4","off","100000","236","31328500","5085400","12042000","64028900","95480800"
"m8-off-abba-4","4","off","100000","237","30472000","5125300","11283100","64585900","95230900"
"m8-off-abba-4","4","off","100000","238","32074900","5420600","12265500","67096000","99505600"
"m8-off-abba-4","4","off","100000","239","31870400","5373100","12694100","64168400","96246800"
"m8-off-abba-4","4","off","100000","240","31810600","5015200","11594800","61453700","93432200"
"m8-off-abba-4","4","off","100000","241","31693100","5168500","11551000","64161400","137516400"
"m8-off-abba-4","4","off","100000","242","31678200","5117500","12135200","66851900","105815800"
"m8-off-abba-4","4","off","100000","243","32034200","5573100","12459300","66327600","98589800"
"m8-off-abba-4","4","off","100000","244","32368600","5719000","12746600","67872500","100369600"
"m8-off-abba-4","4","off","100000","245","31894700","5178700","11912400","64777600","96853300"
"m8-off-abba-4","4","off","100000","246","32800900","5400300","12536400","66280000","99273000"
"m8-off-abba-4","4","off","100000","247","32835000","5520700","12878200","65953900","98931000"
"m8-off-abba-4","4","off","100000","248","33486200","5640200","12955100","65695800","99536300"
"m8-off-abba-4","4","off","100000","249","31484400","5352500","12411400","63094600","94802500"
"m8-off-abba-4","4","off","100000","250","30913900","5186900","11555300","62492100","93744200"
"m8-off-abba-4","4","off","100000","251","30173000","5069900","11329700","63138500","93547400"
"m8-off-abba-4","4","off","100000","252","31981200","5108800","12232500","61730300","93837300"
"m8-off-abba-4","4","off","100000","253","31254200","5430800","12134500","61901800","93283500"
"m8-off-abba-4","4","off","100000","254","31812400","5318000","12601300","61412300","93516600"
"m8-off-abba-4","4","off","100000","255","32980000","5219900","12785900","71834100","104987700"
"m8-off-abba-4","4","off","100000","256","31464500","5175000","12165700","61656700","93218000"
