"run","order","variant","population","tick","public_step_ns","observation_ns","iteration_ns"
"m3-hash-abba-1","1","hash","100000","65","33572100","66067100","130467200"
"m3-hash-abba-1","1","hash","100000","66","27190900","67005700","96869300"
"m3-hash-abba-1","1","hash","100000","67","33735800","70209900","104137100"
"m3-hash-abba-1","1","hash","100000","68","32692600","70003200","102852500"
"m3-hash-abba-1","1","hash","100000","69","32085400","70448000","102657000"
"m3-hash-abba-1","1","hash","100000","70","29442100","73149100","102721900"
"m3-hash-abba-1","1","hash","100000","71","32786800","72583500","105491800"
"m3-hash-abba-1","1","hash","100000","72","32213000","72032400","104368100"
"m3-hash-abba-1","1","hash","100000","73","29188800","71259000","100632400"
"m3-hash-abba-1","1","hash","100000","74","31432700","62948400","94520100"
"m3-hash-abba-1","1","hash","100000","75","26029300","56929000","83080500"
"m3-hash-abba-1","1","hash","100000","76","26201500","56993500","83313000"
"m3-hash-abba-1","1","hash","100000","77","26981300","58938200","86045100"
"m3-hash-abba-1","1","hash","100000","78","30959400","70414500","101490000"
"m3-hash-abba-1","1","hash","100000","79","28900300","70277000","99287300"
"m3-hash-abba-1","1","hash","100000","80","31271400","61920000","93395700"
"m3-hash-abba-1","1","hash","100000","81","30158600","68416400","115599200"
"m3-hash-abba-1","1","hash","100000","82","30512600","62632800","96085500"
"m3-hash-abba-1","1","hash","100000","83","28518300","57060900","85714900"
"m3-hash-abba-1","1","hash","100000","84","27211400","59123400","87362500"
"m3-hash-abba-1","1","hash","100000","85","26296300","58544000","89438700"
"m3-hash-abba-1","1","hash","100000","86","26222100","57719700","84197800"
"m3-hash-abba-1","1","hash","100000","87","26364100","59017900","85518700"
"m3-hash-abba-1","1","hash","100000","88","28066500","57351000","85540700"
"m3-hash-abba-1","1","hash","100000","89","26472600","56944000","83541800"
"m3-hash-abba-1","1","hash","100000","90","26288400","56566800","82988200"
"m3-hash-abba-1","1","hash","100000","91","26553400","56551200","83239100"
"m3-hash-abba-1","1","hash","100000","92","26596700","56928700","83640100"
"m3-hash-abba-1","1","hash","100000","93","26437300","57527400","84330000"
"m3-hash-abba-1","1","hash","100000","94","27975100","60436600","89764200"
"m3-hash-abba-1","1","hash","100000","95","28257000","60094600","89719100"
"m3-hash-abba-1","1","hash","100000","96","27288600","59683900","87331500"
"m3-hash-abba-1","1","hash","100000","97","29810100","62712700","112317800"
"m3-hash-abba-1","1","hash","100000","98","29503000","63892400","95656900"
"m3-hash-abba-1","1","hash","100000","99","28973200","60724700","89816300"
"m3-hash-abba-1","1","hash","100000","100","29109800","66157500","95393500"
"m3-hash-abba-1","1","hash","100000","101","27062700","57642600","84811300"
"m3-hash-abba-1","1","hash","100000","102","27155100","57886300","85169000"
"m3-hash-abba-1","1","hash","100000","103","28096000","61661300","90372900"
"m3-hash-abba-1","1","hash","100000","104","36721300","75561000","118111700"
"m3-hash-abba-1","1","hash","100000","105","28471800","60832300","91938600"
"m3-hash-abba-1","1","hash","100000","106","29153000","61154100","90488100"
"m3-hash-abba-1","1","hash","100000","107","29508500","60357700","89979100"
"m3-hash-abba-1","1","hash","100000","108","30296800","64508600","94933800"
"m3-hash-abba-1","1","hash","100000","109","31081600","66436500","97670800"
"m3-hash-abba-1","1","hash","100000","110","30955500","65617700","96715900"
"m3-hash-abba-1","1","hash","100000","111","30960000","65545700","96615700"
"m3-hash-abba-1","1","hash","100000","112","30234800","67246200","97611200"
"m3-hash-abba-1","1","hash","100000","113","30465900","64512600","118650600"
"m3-hash-abba-1","1","hash","100000","114","29984100","65848700","98173000"
"m3-hash-abba-1","1","hash","100000","115","30112200","66537700","96807900"
"m3-hash-abba-1","1","hash","100000","116","30351300","66327700","96835200"
"m3-hash-abba-1","1","hash","100000","117","30821500","65630800","96608900"
"m3-hash-abba-1","1","hash","100000","118","30223100","66823300","97210800"
"m3-hash-abba-1","1","hash","100000","119","34533900","76003600","110720200"
"m3-hash-abba-1","1","hash","100000","120","34553400","76845300","111770300"
"m3-hash-abba-1","1","hash","100000","121","33808200","73407000","107689500"
"m3-hash-abba-1","1","hash","100000","122","30233900","65983200","98766100"
"m3-hash-abba-1","1","hash","100000","123","29020100","62204400","92184600"
"m3-hash-abba-1","1","hash","100000","124","28475000","61522300","90138100"
"m3-hash-abba-1","1","hash","100000","125","30807000","73540700","104489500"
"m3-hash-abba-1","1","hash","100000","126","34041100","74451600","108872500"
"m3-hash-abba-1","1","hash","100000","127","29379600","62733100","92385300"
"m3-hash-abba-1","1","hash","100000","128","29032400","67420100","96569800"
"m3-hash-abba-1","1","hash","100000","129","41867200","76237900","180106200"
"m3-hash-abba-1","1","hash","100000","130","28948100","61014500","99043300"
"m3-hash-abba-1","1","hash","100000","131","29357200","61306000","90800800"
"m3-hash-abba-1","1","hash","100000","132","29302900","62037400","91825800"
"m3-hash-abba-1","1","hash","100000","133","28886400","62061000","91183500"
"m3-hash-abba-1","1","hash","100000","134","28637300","61333500","90094900"
"m3-hash-abba-1","1","hash","100000","135","29092400","63253600","92965300"
"m3-hash-abba-1","1","hash","100000","136","31221800","76175800","109161100"
"m3-hash-abba-1","1","hash","100000","137","35303100","74906500","110694300"
"m3-hash-abba-1","1","hash","100000","138","37656300","76001700","113794800"
"m3-hash-abba-1","1","hash","100000","139","35458800","72381800","108128500"
"m3-hash-abba-1","1","hash","100000","140","33559100","71836600","105853000"
"m3-hash-abba-1","1","hash","100000","141","33243800","74425700","107802700"
"m3-hash-abba-1","1","hash","100000","142","35816600","77002500","112938000"
"m3-hash-abba-1","1","hash","100000","143","34506600","76000900","110826000"
"m3-hash-abba-1","1","hash","100000","144","36820000","77643400","117053100"
"m3-hash-abba-1","1","hash","100000","145","33533900","78076800","151873400"
"m3-hash-abba-1","1","hash","100000","146","32110600","65668000","103235300"
"m3-hash-abba-1","1","hash","100000","147","27996800","62477000","90940000"
"m3-hash-abba-1","1","hash","100000","148","28233100","62398200","90751600"
"m3-hash-abba-1","1","hash","100000","149","27361100","61480500","88959300"
"m3-hash-abba-1","1","hash","100000","150","27711600","61866000","89700200"
"m3-hash-abba-1","1","hash","100000","151","27439300","61730700","89302000"
"m3-hash-abba-1","1","hash","100000","152","27794600","61843400","89761500"
"m3-hash-abba-1","1","hash","100000","153","27985400","62301500","90398000"
"m3-hash-abba-1","1","hash","100000","154","30341700","66342000","96891700"
"m3-hash-abba-1","1","hash","100000","155","28502600","62237200","90901500"
"m3-hash-abba-1","1","hash","100000","156","28354500","62952600","92014800"
"m3-hash-abba-1","1","hash","100000","157","28210800","62465800","91122400"
"m3-hash-abba-1","1","hash","100000","158","27614900","64135300","91863600"
"m3-hash-abba-1","1","hash","100000","159","29583500","64021400","93775000"
"m3-hash-abba-1","1","hash","100000","160","29383500","62884500","92370400"
"m3-hash-abba-1","1","hash","100000","161","27436700","62029800","114502100"
"m3-hash-abba-1","1","hash","100000","162","27433400","62029200","92743800"
"m3-hash-abba-1","1","hash","100000","163","28545200","62088300","90761800"
"m3-hash-abba-1","1","hash","100000","164","28568200","62012700","90716500"
"m3-hash-abba-1","1","hash","100000","165","27812700","61894100","90040200"
"m3-hash-abba-1","1","hash","100000","166","27498300","63167900","91388700"
"m3-hash-abba-1","1","hash","100000","167","27659000","63248700","91453800"
"m3-hash-abba-1","1","hash","100000","168","28459300","62764500","91609100"
"m3-hash-abba-1","1","hash","100000","169","27806700","62114000","90106400"
"m3-hash-abba-1","1","hash","100000","170","28650800","61473200","90316100"
"m3-hash-abba-1","1","hash","100000","171","28074500","61635100","89833500"
"m3-hash-abba-1","1","hash","100000","172","27623900","62287500","90108000"
"m3-hash-abba-1","1","hash","100000","173","27797900","62393500","90306900"
"m3-hash-abba-1","1","hash","100000","174","27853700","62338200","90309900"
"m3-hash-abba-1","1","hash","100000","175","27895900","62407900","90439300"
"m3-hash-abba-1","1","hash","100000","176","29405500","65827800","95351200"
"m3-hash-abba-1","1","hash","100000","177","30446400","68432300","127862700"
"m3-hash-abba-1","1","hash","100000","178","27969400","62280300","93875200"
"m3-hash-abba-1","1","hash","100000","179","26586900","62031600","88739400"
"m3-hash-abba-1","1","hash","100000","180","28017600","60617400","88755400"
"m3-hash-abba-1","1","hash","100000","181","27678600","60586600","88548200"
"m3-hash-abba-1","1","hash","100000","182","27814600","60363700","88367400"
"m3-hash-abba-1","1","hash","100000","183","28524800","62787200","91620600"
"m3-hash-abba-1","1","hash","100000","184","28394700","61820700","90411900"
"m3-hash-abba-1","1","hash","100000","185","27619200","62518700","90446800"
"m3-hash-abba-1","1","hash","100000","186","28314000","62366400","90876800"
"m3-hash-abba-1","1","hash","100000","187","28218000","61557600","89905100"
"m3-hash-abba-1","1","hash","100000","188","27771100","63142300","91035500"
"m3-hash-abba-1","1","hash","100000","189","29830400","62005600","92528800"
"m3-hash-abba-1","1","hash","100000","190","27859000","61453200","89666400"
"m3-hash-abba-1","1","hash","100000","191","28807300","60506100","89446400"
"m3-hash-abba-1","1","hash","100000","192","28119500","60060700","88309100"
"m3-hash-abba-1","1","hash","100000","193","32367900","62152700","156194600"
"m3-hash-abba-1","1","hash","100000","194","28745600","63548200","101780000"
"m3-hash-abba-1","1","hash","100000","195","28039000","62275000","90472600"
"m3-hash-abba-1","1","hash","100000","196","29254000","75289400","104923200"
"m3-hash-abba-1","1","hash","100000","197","33913300","71246700","105418800"
"m3-hash-abba-1","1","hash","100000","198","30913400","66892200","98062900"
"m3-hash-abba-1","1","hash","100000","199","33205600","73099900","106429500"
"m3-hash-abba-1","1","hash","100000","200","32446800","76118700","108951900"
"m3-hash-abba-1","1","hash","100000","201","32014300","73110100","105253900"
"m3-hash-abba-1","1","hash","100000","202","32866200","74546000","108181000"
"m3-hash-abba-1","1","hash","100000","203","34544300","76790900","111505700"
"m3-hash-abba-1","1","hash","100000","204","34767200","76892500","111772200"
"m3-hash-abba-1","1","hash","100000","205","31874500","74265100","106272000"
"m3-hash-abba-1","1","hash","100000","206","33273900","73925200","107317500"
"m3-hash-abba-1","1","hash","100000","207","31682900","76594000","108416900"
"m3-hash-abba-1","1","hash","100000","208","34344700","75919500","110601100"
"m3-hash-abba-1","1","hash","100000","209","29571300","66783100","142092400"
"m3-hash-abba-1","1","hash","100000","210","34868200","74550800","115636400"
"m3-hash-abba-1","1","hash","100000","211","33634900","74437000","108244100"
"m3-hash-abba-1","1","hash","100000","212","31759800","61550700","93416500"
"m3-hash-abba-1","1","hash","100000","213","28268500","61786500","90170500"
"m3-hash-abba-1","1","hash","100000","214","29584100","72871700","102592700"
"m3-hash-abba-1","1","hash","100000","215","36827300","74323500","111279500"
"m3-hash-abba-1","1","hash","100000","216","29437800","65942800","95512300"
"m3-hash-abba-1","1","hash","100000","217","27904200","62514700","90536900"
"m3-hash-abba-1","1","hash","100000","218","29049700","61467500","90690600"
"m3-hash-abba-1","1","hash","100000","219","28574300","61516900","90265700"
"m3-hash-abba-1","1","hash","100000","220","29219900","61346300","90692700"
"m3-hash-abba-1","1","hash","100000","221","28416400","61835900","90370800"
"m3-hash-abba-1","1","hash","100000","222","29446300","62154100","91725200"
"m3-hash-abba-1","1","hash","100000","223","28541700","62407900","91074100"
"m3-hash-abba-1","1","hash","100000","224","30955500","76405200","107823300"
"m3-hash-abba-1","1","hash","100000","225","33044800","76097100","153735500"
"m3-hash-abba-1","1","hash","100000","226","30899200","68554100","106868500"
"m3-hash-abba-1","1","hash","100000","227","30517800","66548900","97285200"
"m3-hash-abba-1","1","hash","100000","228","29800800","67929900","97850500"
"m3-hash-abba-1","1","hash","100000","229","29942400","61362900","91607700"
"m3-hash-abba-1","1","hash","100000","230","29627900","62093300","91916400"
"m3-hash-abba-1","1","hash","100000","231","29011500","63801900","93029000"
"m3-hash-abba-1","1","hash","100000","232","28985600","62413500","91526600"
"m3-hash-abba-1","1","hash","100000","233","28969400","62778100","92062300"
"m3-hash-abba-1","1","hash","100000","234","31928700","65197200","97294100"
"m3-hash-abba-1","1","hash","100000","235","29701700","62804400","92654000"
"m3-hash-abba-1","1","hash","100000","236","29424900","64307500","93885400"
"m3-hash-abba-1","1","hash","100000","237","29183100","62545500","91841500"
"m3-hash-abba-1","1","hash","100000","238","30252400","62773000","93354200"
"m3-hash-abba-1","1","hash","100000","239","29402700","62743700","92330600"
"m3-hash-abba-1","1","hash","100000","240","30014800","66435800","96576300"
"m3-hash-abba-1","1","hash","100000","241","31173300","66493300","138618500"
"m3-hash-abba-1","1","hash","100000","242","31211900","68392500","106179300"
"m3-hash-abba-1","1","hash","100000","243","31156800","66285400","97609900"
"m3-hash-abba-1","1","hash","100000","244","30664800","64091800","94881400"
"m3-hash-abba-1","1","hash","100000","245","29585600","62853600","92567200"
"m3-hash-abba-1","1","hash","100000","246","29708600","63601500","93587200"
"m3-hash-abba-1","1","hash","100000","247","29066900","63422300","92609400"
"m3-hash-abba-1","1","hash","100000","248","29574700","63295100","93173800"
"m3-hash-abba-1","1","hash","100000","249","30037600","62717900","92930900"
"m3-hash-abba-1","1","hash","100000","250","30228900","62786400","93312000"
"m3-hash-abba-1","1","hash","100000","251","30389300","63045900","93661800"
"m3-hash-abba-1","1","hash","100000","252","29571100","63564700","93263700"
"m3-hash-abba-1","1","hash","100000","253","29448400","63215500","92794500"
"m3-hash-abba-1","1","hash","100000","254","29540800","63749500","93623700"
"m3-hash-abba-1","1","hash","100000","255","28926100","63277500","92393400"
"m3-hash-abba-1","1","hash","100000","256","29098600","63099800","92326700"
"m3-dense-abba-2","2","dense","100000","65","32347700","62306500","127658200"
"m3-dense-abba-2","2","dense","100000","66","27811700","65738400","96113400"
"m3-dense-abba-2","2","dense","100000","67","30112600","64995500","95332400"
"m3-dense-abba-2","2","dense","100000","68","30530800","63649500","94315400"
"m3-dense-abba-2","2","dense","100000","69","28717300","64100600","92933800"
"m3-dense-abba-2","2","dense","100000","70","29815800","61574600","91510100"
"m3-dense-abba-2","2","dense","100000","71","28573100","65043500","93753500"
"m3-dense-abba-2","2","dense","100000","72","26845000","63631800","90592400"
"m3-dense-abba-2","2","dense","100000","73","28882200","64154600","93167200"
"m3-dense-abba-2","2","dense","100000","74","30198300","62937300","93311900"
"m3-dense-abba-2","2","dense","100000","75","28774100","62995400","91983200"
"m3-dense-abba-2","2","dense","100000","76","31128700","64221600","95502100"
"m3-dense-abba-2","2","dense","100000","77","27154100","55977500","83252600"
"m3-dense-abba-2","2","dense","100000","78","25838000","54897900","80853900"
"m3-dense-abba-2","2","dense","100000","79","25740400","56594500","82455500"
"m3-dense-abba-2","2","dense","100000","80","25643700","56633000","82501500"
"m3-dense-abba-2","2","dense","100000","81","29025400","66972900","112633200"
"m3-dense-abba-2","2","dense","100000","82","28893800","67421900","98020300"
"m3-dense-abba-2","2","dense","100000","83","29049200","62411400","91580400"
"m3-dense-abba-2","2","dense","100000","84","30016900","65253600","96265000"
"m3-dense-abba-2","2","dense","100000","85","28168900","56412500","89607900"
"m3-dense-abba-2","2","dense","100000","86","25668000","55445900","81368900"
"m3-dense-abba-2","2","dense","100000","87","25892200","54807600","80809400"
"m3-dense-abba-2","2","dense","100000","88","26690300","56758800","83564800"
"m3-dense-abba-2","2","dense","100000","89","26843500","57313400","84271600"
"m3-dense-abba-2","2","dense","100000","90","26190800","56507600","82818400"
"m3-dense-abba-2","2","dense","100000","91","27591000","58051600","85778200"
"m3-dense-abba-2","2","dense","100000","92","26986200","56626100","83735300"
"m3-dense-abba-2","2","dense","100000","93","26870100","56580900","83854100"
"m3-dense-abba-2","2","dense","100000","94","29076200","57855400","88462500"
"m3-dense-abba-2","2","dense","100000","95","27757900","57705400","86910700"
"m3-dense-abba-2","2","dense","100000","96","27147200","57870100","85421800"
"m3-dense-abba-2","2","dense","100000","97","27066600","58264200","103400600"
"m3-dense-abba-2","2","dense","100000","98","26879800","58457000","87481400"
"m3-dense-abba-2","2","dense","100000","99","28575700","58220800","86917000"
"m3-dense-abba-2","2","dense","100000","100","26886300","57935100","84947600"
"m3-dense-abba-2","2","dense","100000","101","27120100","58216000","85447200"
"m3-dense-abba-2","2","dense","100000","102","26945800","58664100","85722000"
"m3-dense-abba-2","2","dense","100000","103","27347000","58601500","86496700"
"m3-dense-abba-2","2","dense","100000","104","32916100","68658500","108408600"
"m3-dense-abba-2","2","dense","100000","105","28812100","60961700","92272900"
"m3-dense-abba-2","2","dense","100000","106","31289200","60781800","92265300"
"m3-dense-abba-2","2","dense","100000","107","28356200","59968000","88445200"
"m3-dense-abba-2","2","dense","100000","108","28486300","60176300","88796200"
"m3-dense-abba-2","2","dense","100000","109","28409000","59807300","88338900"
"m3-dense-abba-2","2","dense","100000","110","28631700","60027100","88778600"
"m3-dense-abba-2","2","dense","100000","111","28695700","60389600","89217700"
"m3-dense-abba-2","2","dense","100000","112","28222200","60229800","88574100"
"m3-dense-abba-2","2","dense","100000","113","29094900","61205700","113988600"
"m3-dense-abba-2","2","dense","100000","114","28113000","60832600","91558800"
"m3-dense-abba-2","2","dense","100000","115","28495600","61337900","89996200"
"m3-dense-abba-2","2","dense","100000","116","28270400","60930400","89321200"
"m3-dense-abba-2","2","dense","100000","117","28452800","60361100","88979300"
"m3-dense-abba-2","2","dense","100000","118","28200200","59793300","88138900"
"m3-dense-abba-2","2","dense","100000","119","29423900","60454200","90064600"
"m3-dense-abba-2","2","dense","100000","120","28479100","59936400","88844000"
"m3-dense-abba-2","2","dense","100000","121","29007100","60526300","90001900"
"m3-dense-abba-2","2","dense","100000","122","29868000","63586700","96060600"
"m3-dense-abba-2","2","dense","100000","123","28526700","60680600","90184400"
"m3-dense-abba-2","2","dense","100000","124","29492000","70102100","99774500"
"m3-dense-abba-2","2","dense","100000","125","27763100","60544700","88434400"
"m3-dense-abba-2","2","dense","100000","126","28190500","66332700","94818600"
"m3-dense-abba-2","2","dense","100000","127","31547700","68433300","100225700"
"m3-dense-abba-2","2","dense","100000","128","27893700","60173600","88165700"
"m3-dense-abba-2","2","dense","100000","129","33198300","61311400","148211100"
"m3-dense-abba-2","2","dense","100000","130","28676100","61353200","98393500"
"m3-dense-abba-2","2","dense","100000","131","31459900","64860800","96482600"
"m3-dense-abba-2","2","dense","100000","132","32577300","67445800","100575800"
"m3-dense-abba-2","2","dense","100000","133","31900900","68136700","100269900"
"m3-dense-abba-2","2","dense","100000","134","30804500","68075000","98998700"
"m3-dense-abba-2","2","dense","100000","135","32158500","70453100","103315000"
"m3-dense-abba-2","2","dense","100000","136","35179500","70143000","107140000"
"m3-dense-abba-2","2","dense","100000","137","31729800","71623800","103852200"
"m3-dense-abba-2","2","dense","100000","138","31365800","67560000","99054200"
"m3-dense-abba-2","2","dense","100000","139","30281200","67083300","97651500"
"m3-dense-abba-2","2","dense","100000","140","31259400","65726400","97156600"
"m3-dense-abba-2","2","dense","100000","141","32286100","70673000","103101200"
"m3-dense-abba-2","2","dense","100000","142","31190000","67048600","98438100"
"m3-dense-abba-2","2","dense","100000","143","28787200","68286400","97200700"
"m3-dense-abba-2","2","dense","100000","144","33100700","74662800","110130200"
"m3-dense-abba-2","2","dense","100000","145","29840700","59726900","123856400"
"m3-dense-abba-2","2","dense","100000","146","28544200","62337300","95320000"
"m3-dense-abba-2","2","dense","100000","147","27097900","60659200","88273600"
"m3-dense-abba-2","2","dense","100000","148","28562100","60361800","89044300"
"m3-dense-abba-2","2","dense","100000","149","27236500","60474900","87839200"
"m3-dense-abba-2","2","dense","100000","150","27715000","61328400","89183400"
"m3-dense-abba-2","2","dense","100000","151","27700700","61319600","89148500"
"m3-dense-abba-2","2","dense","100000","152","27222100","61250600","88609500"
"m3-dense-abba-2","2","dense","100000","153","27054600","61248900","88431900"
"m3-dense-abba-2","2","dense","100000","154","27797700","61104000","89076700"
"m3-dense-abba-2","2","dense","100000","155","28429100","67485900","96078100"
"m3-dense-abba-2","2","dense","100000","156","30054000","68603500","99703700"
"m3-dense-abba-2","2","dense","100000","157","29480500","69399000","99186300"
"m3-dense-abba-2","2","dense","100000","158","30970600","63920400","95005900"
"m3-dense-abba-2","2","dense","100000","159","30734000","67322300","98249000"
"m3-dense-abba-2","2","dense","100000","160","29886200","61264800","91255300"
"m3-dense-abba-2","2","dense","100000","161","27946500","62822700","118773800"
"m3-dense-abba-2","2","dense","100000","162","27879800","62697200","93788400"
"m3-dense-abba-2","2","dense","100000","163","28297800","62554900","90978300"
"m3-dense-abba-2","2","dense","100000","164","27654200","63058900","90846100"
"m3-dense-abba-2","2","dense","100000","165","27777200","63381500","91461100"
"m3-dense-abba-2","2","dense","100000","166","28279200","62162500","91108900"
"m3-dense-abba-2","2","dense","100000","167","27806900","63411700","91664800"
"m3-dense-abba-2","2","dense","100000","168","28060300","61510500","89971900"
"m3-dense-abba-2","2","dense","100000","169","27479800","60919400","88595200"
"m3-dense-abba-2","2","dense","100000","170","28319500","60720000","89287200"
"m3-dense-abba-2","2","dense","100000","171","27678800","63689900","91488800"
"m3-dense-abba-2","2","dense","100000","172","27886900","61089500","89152900"
"m3-dense-abba-2","2","dense","100000","173","28616400","61066500","89798800"
"m3-dense-abba-2","2","dense","100000","174","27649300","60135800","87926900"
"m3-dense-abba-2","2","dense","100000","175","27743300","61339800","89199500"
"m3-dense-abba-2","2","dense","100000","176","28048800","62594200","90783700"
"m3-dense-abba-2","2","dense","100000","177","27679400","60676300","117802900"
"m3-dense-abba-2","2","dense","100000","178","28307800","61946700","93577500"
"m3-dense-abba-2","2","dense","100000","179","27465100","60352000","87939000"
"m3-dense-abba-2","2","dense","100000","180","27610000","61104400","88823500"
"m3-dense-abba-2","2","dense","100000","181","28082900","62064700","90505300"
"m3-dense-abba-2","2","dense","100000","182","27521500","60719200","88408400"
"m3-dense-abba-2","2","dense","100000","183","27574400","60670600","88548600"
"m3-dense-abba-2","2","dense","100000","184","27870600","61967100","90059600"
"m3-dense-abba-2","2","dense","100000","185","27525600","60778900","88627700"
"m3-dense-abba-2","2","dense","100000","186","27201300","60342300","87701700"
"m3-dense-abba-2","2","dense","100000","187","27819200","60193200","88142500"
"m3-dense-abba-2","2","dense","100000","188","26905800","60477000","87495700"
"m3-dense-abba-2","2","dense","100000","189","28219300","61929200","90889700"
"m3-dense-abba-2","2","dense","100000","190","27515700","61326100","89188500"
"m3-dense-abba-2","2","dense","100000","191","27500200","60424100","88056900"
"m3-dense-abba-2","2","dense","100000","192","27160400","60657800","87946300"
"m3-dense-abba-2","2","dense","100000","193","32302300","61132900","153870900"
"m3-dense-abba-2","2","dense","100000","194","28239300","61239100","97650000"
"m3-dense-abba-2","2","dense","100000","195","28497400","60194100","88812600"
"m3-dense-abba-2","2","dense","100000","196","27974600","60893600","89196500"
"m3-dense-abba-2","2","dense","100000","197","27904100","59377000","87612900"
"m3-dense-abba-2","2","dense","100000","198","27483500","59473300","87158400"
"m3-dense-abba-2","2","dense","100000","199","27137800","61734000","88985000"
"m3-dense-abba-2","2","dense","100000","200","27457700","61068200","88670700"
"m3-dense-abba-2","2","dense","100000","201","27935700","61727000","89809400"
"m3-dense-abba-2","2","dense","100000","202","27100000","60524500","87908100"
"m3-dense-abba-2","2","dense","100000","203","28297100","60845300","89334500"
"m3-dense-abba-2","2","dense","100000","204","28741200","69327600","98184900"
"m3-dense-abba-2","2","dense","100000","205","30787800","68429000","99337400"
"m3-dense-abba-2","2","dense","100000","206","31548700","69736600","101490900"
"m3-dense-abba-2","2","dense","100000","207","30649600","69309900","100124600"
"m3-dense-abba-2","2","dense","100000","208","27153900","60327700","87602200"
"m3-dense-abba-2","2","dense","100000","209","29188200","60970600","129971600"
"m3-dense-abba-2","2","dense","100000","210","27807400","61231900","94154600"
"m3-dense-abba-2","2","dense","100000","211","27419200","61251200","88846700"
"m3-dense-abba-2","2","dense","100000","212","27709400","61568500","89417900"
"m3-dense-abba-2","2","dense","100000","213","28063200","60905000","89080900"
"m3-dense-abba-2","2","dense","100000","214","28719600","68107200","96961100"
"m3-dense-abba-2","2","dense","100000","215","29954300","68136200","98220600"
"m3-dense-abba-2","2","dense","100000","216","30724900","67956500","99613700"
"m3-dense-abba-2","2","dense","100000","217","30943300","69752800","100851900"
"m3-dense-abba-2","2","dense","100000","218","31237900","67730700","99113300"
"m3-dense-abba-2","2","dense","100000","219","30224900","68853500","99428800"
"m3-dense-abba-2","2","dense","100000","220","32481900","67497700","100108000"
"m3-dense-abba-2","2","dense","100000","221","31764200","70143800","102069200"
"m3-dense-abba-2","2","dense","100000","222","32720300","69054500","101900200"
"m3-dense-abba-2","2","dense","100000","223","32312900","69050800","101494500"
"m3-dense-abba-2","2","dense","100000","224","32178400","69491800","102552400"
"m3-dense-abba-2","2","dense","100000","225","30985600","70261600","144422700"
"m3-dense-abba-2","2","dense","100000","226","32613500","71829000","110374000"
"m3-dense-abba-2","2","dense","100000","227","29623500","66300900","96091700"
"m3-dense-abba-2","2","dense","100000","228","32639100","68712800","101480200"
"m3-dense-abba-2","2","dense","100000","229","32253000","69337500","101869800"
"m3-dense-abba-2","2","dense","100000","230","33071500","67907000","101184300"
"m3-dense-abba-2","2","dense","100000","231","31955200","68814100","100966900"
"m3-dense-abba-2","2","dense","100000","232","33307000","70751900","104208300"
"m3-dense-abba-2","2","dense","100000","233","30907400","61297900","92500200"
"m3-dense-abba-2","2","dense","100000","234","28513300","62261700","90959100"
"m3-dense-abba-2","2","dense","100000","235","29454900","61698000","91305600"
"m3-dense-abba-2","2","dense","100000","236","29378600","61317400","90831300"
"m3-dense-abba-2","2","dense","100000","237","30617800","61585600","92321300"
"m3-dense-abba-2","2","dense","100000","238","30048800","62557800","92920800"
"m3-dense-abba-2","2","dense","100000","239","29484700","63854800","93532200"
"m3-dense-abba-2","2","dense","100000","240","29980100","61934700","92045500"
"m3-dense-abba-2","2","dense","100000","241","30205100","63917900","133681300"
"m3-dense-abba-2","2","dense","100000","242","29488500","61529000","96708400"
"m3-dense-abba-2","2","dense","100000","243","28960300","60219100","89347900"
"m3-dense-abba-2","2","dense","100000","244","29285200","61413300","90827800"
"m3-dense-abba-2","2","dense","100000","245","29983500","61477000","91605300"
"m3-dense-abba-2","2","dense","100000","246","29384200","62145100","91723900"
"m3-dense-abba-2","2","dense","100000","247","30058100","60832100","91028800"
"m3-dense-abba-2","2","dense","100000","248","29607500","62120600","92027300"
"m3-dense-abba-2","2","dense","100000","249","29258900","62096100","91555400"
"m3-dense-abba-2","2","dense","100000","250","29785400","61690000","91807000"
"m3-dense-abba-2","2","dense","100000","251","29509300","62025800","91797100"
"m3-dense-abba-2","2","dense","100000","252","29807000","61076000","91020000"
"m3-dense-abba-2","2","dense","100000","253","29786300","63772400","93674900"
"m3-dense-abba-2","2","dense","100000","254","29697200","62125500","92120000"
"m3-dense-abba-2","2","dense","100000","255","29835800","62117400","92126700"
"m3-dense-abba-2","2","dense","100000","256","29829900","62283100","92205600"
"m3-dense-abba-3","3","dense","100000","65","31327500","61178200","125097400"
"m3-dense-abba-3","3","dense","100000","66","29730100","61405600","94360100"
"m3-dense-abba-3","3","dense","100000","67","27052500","55982300","83207000"
"m3-dense-abba-3","3","dense","100000","68","25924900","54690100","80751500"
"m3-dense-abba-3","3","dense","100000","69","26280400","62501700","88901800"
"m3-dense-abba-3","3","dense","100000","70","29735000","62783200","92637000"
"m3-dense-abba-3","3","dense","100000","71","29143500","62857100","92128600"
"m3-dense-abba-3","3","dense","100000","72","29097300","61975600","91195400"
"m3-dense-abba-3","3","dense","100000","73","30283300","62742300","93168100"
"m3-dense-abba-3","3","dense","100000","74","28676300","63910200","92745700"
"m3-dense-abba-3","3","dense","100000","75","29225300","62039400","91388200"
"m3-dense-abba-3","3","dense","100000","76","28085900","61834900","90037800"
"m3-dense-abba-3","3","dense","100000","77","30624100","63242800","94002100"
"m3-dense-abba-3","3","dense","100000","78","29862500","64023900","94011100"
"m3-dense-abba-3","3","dense","100000","79","30489700","62174500","92786400"
"m3-dense-abba-3","3","dense","100000","80","29025900","59811200","89021600"
"m3-dense-abba-3","3","dense","100000","81","26137100","54854800","96589700"
"m3-dense-abba-3","3","dense","100000","82","26960800","55634500","84733400"
"m3-dense-abba-3","3","dense","100000","83","28601400","62791000","91514000"
"m3-dense-abba-3","3","dense","100000","84","30594500","65505400","97457100"
"m3-dense-abba-3","3","dense","100000","85","27107000","54987900","87078400"
"m3-dense-abba-3","3","dense","100000","86","25906700","55315100","81493900"
"m3-dense-abba-3","3","dense","100000","87","27767900","54632600","82527600"
"m3-dense-abba-3","3","dense","100000","88","25657300","54301400","80088100"
"m3-dense-abba-3","3","dense","100000","89","26053400","55802000","82017600"
"m3-dense-abba-3","3","dense","100000","90","25866500","55085600","81071300"
"m3-dense-abba-3","3","dense","100000","91","26545800","54582600","81254300"
"m3-dense-abba-3","3","dense","100000","92","26054500","55177000","81351100"
"m3-dense-abba-3","3","dense","100000","93","25848800","54931000","81170400"
"m3-dense-abba-3","3","dense","100000","94","28299000","58438900","88071000"
"m3-dense-abba-3","3","dense","100000","95","28103500","58240200","87730500"
"m3-dense-abba-3","3","dense","100000","96","26783100","56803000","83939000"
"m3-dense-abba-3","3","dense","100000","97","27351400","55483300","101569800"
"m3-dense-abba-3","3","dense","100000","98","27579700","56692900","86359700"
"m3-dense-abba-3","3","dense","100000","99","28473700","57412200","86004300"
"m3-dense-abba-3","3","dense","100000","100","28509700","56140600","84768600"
"m3-dense-abba-3","3","dense","100000","101","26821400","60900300","87872300"
"m3-dense-abba-3","3","dense","100000","102","28483300","57222300","85833600"
"m3-dense-abba-3","3","dense","100000","103","26709200","56732900","83992700"
"m3-dense-abba-3","3","dense","100000","104","33181900","65901400","106389000"
"m3-dense-abba-3","3","dense","100000","105","28641200","58607300","90228400"
"m3-dense-abba-3","3","dense","100000","106","29038400","58143000","87367100"
"m3-dense-abba-3","3","dense","100000","107","28634700","59930800","88703600"
"m3-dense-abba-3","3","dense","100000","108","28883600","59191300","88195300"
"m3-dense-abba-3","3","dense","100000","109","28654900","59129100","87909800"
"m3-dense-abba-3","3","dense","100000","110","28660600","59522300","88327700"
"m3-dense-abba-3","3","dense","100000","111","27511200","59406500","87033700"
"m3-dense-abba-3","3","dense","100000","112","28584800","59491800","88208600"
"m3-dense-abba-3","3","dense","100000","113","28929900","59585000","111750600"
"m3-dense-abba-3","3","dense","100000","114","30076500","60277600","92396400"
"m3-dense-abba-3","3","dense","100000","115","28598400","59207200","87930100"
"m3-dense-abba-3","3","dense","100000","116","29098800","60132800","89390000"
"m3-dense-abba-3","3","dense","100000","117","28627500","58256200","87019600"
"m3-dense-abba-3","3","dense","100000","118","28505300","58111800","86743100"
"m3-dense-abba-3","3","dense","100000","119","28184500","58159700","86542700"
"m3-dense-abba-3","3","dense","100000","120","28575400","58602100","87496200"
"m3-dense-abba-3","3","dense","100000","121","29198800","58703000","88354900"
"m3-dense-abba-3","3","dense","100000","122","30786800","61812600","95124300"
"m3-dense-abba-3","3","dense","100000","123","28417900","58373900","87686900"
"m3-dense-abba-3","3","dense","100000","124","28489500","58848700","87492000"
"m3-dense-abba-3","3","dense","100000","125","32529800","61471100","94160900"
"m3-dense-abba-3","3","dense","100000","126","29158200","58440800","87880600"
"m3-dense-abba-3","3","dense","100000","127","28574400","59662400","88487500"
"m3-dense-abba-3","3","dense","100000","128","28745200","60483800","89353900"
"m3-dense-abba-3","3","dense","100000","129","34760700","67928600","154937400"
"m3-dense-abba-3","3","dense","100000","130","32634800","59792700","101433700"
"m3-dense-abba-3","3","dense","100000","131","28374800","58135700","86641800"
"m3-dense-abba-3","3","dense","100000","132","29832100","60738000","91100300"
"m3-dense-abba-3","3","dense","100000","133","28428100","58162900","86848500"
"m3-dense-abba-3","3","dense","100000","134","28346900","59082400","87555700"
"m3-dense-abba-3","3","dense","100000","135","33762500","69471100","104241600"
"m3-dense-abba-3","3","dense","100000","136","32410700","70287000","104576100"
"m3-dense-abba-3","3","dense","100000","137","29083800","58376100","88011400"
"m3-dense-abba-3","3","dense","100000","138","28016200","58255400","86483700"
"m3-dense-abba-3","3","dense","100000","139","27750400","59842100","87897700"
"m3-dense-abba-3","3","dense","100000","140","28259100","58967700","87388700"
"m3-dense-abba-3","3","dense","100000","141","30391900","66508600","97029900"
"m3-dense-abba-3","3","dense","100000","142","32279000","65610600","98013000"
"m3-dense-abba-3","3","dense","100000","143","33425300","66573900","100134000"
"m3-dense-abba-3","3","dense","100000","144","33737300","70510800","107293800"
"m3-dense-abba-3","3","dense","100000","145","31036600","65883700","131136000"
"m3-dense-abba-3","3","dense","100000","146","31702300","70836800","107599600"
"m3-dense-abba-3","3","dense","100000","147","30257400","66531800","97825400"
"m3-dense-abba-3","3","dense","100000","148","30989100","68470200","99607700"
"m3-dense-abba-3","3","dense","100000","149","33903500","69360300","103401600"
"m3-dense-abba-3","3","dense","100000","150","30533600","66548300","97226200"
"m3-dense-abba-3","3","dense","100000","151","30591300","67130100","97955600"
"m3-dense-abba-3","3","dense","100000","152","32292300","67120200","99536800"
"m3-dense-abba-3","3","dense","100000","153","30447300","69554300","100126600"
"m3-dense-abba-3","3","dense","100000","154","29796500","65924500","95893100"
"m3-dense-abba-3","3","dense","100000","155","31044200","66967700","98167700"
"m3-dense-abba-3","3","dense","100000","156","32878800","70112200","103643600"
"m3-dense-abba-3","3","dense","100000","157","30765300","68874600","99970700"
"m3-dense-abba-3","3","dense","100000","158","31403200","61170600","92700500"
"m3-dense-abba-3","3","dense","100000","159","27356000","60008200","87549600"
"m3-dense-abba-3","3","dense","100000","160","27121000","59153400","86366600"
"m3-dense-abba-3","3","dense","100000","161","27455900","60071600","113434600"
"m3-dense-abba-3","3","dense","100000","162","30496700","65260900","99008000"
"m3-dense-abba-3","3","dense","100000","163","32023600","69609200","101812600"
"m3-dense-abba-3","3","dense","100000","164","30971300","67226700","98327000"
"m3-dense-abba-3","3","dense","100000","165","28881200","65681400","94883300"
"m3-dense-abba-3","3","dense","100000","166","30240200","67317400","98344800"
"m3-dense-abba-3","3","dense","100000","167","29267900","66336500","96109300"
"m3-dense-abba-3","3","dense","100000","168","28098600","60591300","89084100"
"m3-dense-abba-3","3","dense","100000","169","29239800","60121900","89570300"
"m3-dense-abba-3","3","dense","100000","170","29318400","59878200","89494600"
"m3-dense-abba-3","3","dense","100000","171","27326300","59636400","87111600"
"m3-dense-abba-3","3","dense","100000","172","28259400","61150900","89596000"
"m3-dense-abba-3","3","dense","100000","173","28243200","59999500","88354300"
"m3-dense-abba-3","3","dense","100000","174","27942300","59812500","87873900"
"m3-dense-abba-3","3","dense","100000","175","28253300","59905700","88296100"
"m3-dense-abba-3","3","dense","100000","176","27193700","59238800","86559100"
"m3-dense-abba-3","3","dense","100000","177","27776500","61408800","118181700"
"m3-dense-abba-3","3","dense","100000","178","27627700","58795000","90129600"
"m3-dense-abba-3","3","dense","100000","179","27823300","58952100","86893900"
"m3-dense-abba-3","3","dense","100000","180","28867300","60897700","89921900"
"m3-dense-abba-3","3","dense","100000","181","27999500","59869300","88190700"
"m3-dense-abba-3","3","dense","100000","182","27725300","61777200","89687200"
"m3-dense-abba-3","3","dense","100000","183","27682800","60497400","88498500"
"m3-dense-abba-3","3","dense","100000","184","28439500","59195500","87843100"
"m3-dense-abba-3","3","dense","100000","185","28518600","60136000","88956900"
"m3-dense-abba-3","3","dense","100000","186","27826200","60183200","88211400"
"m3-dense-abba-3","3","dense","100000","187","27881500","59539100","87537800"
"m3-dense-abba-3","3","dense","100000","188","28693700","61220400","90043600"
"m3-dense-abba-3","3","dense","100000","189","28596700","60871200","90218400"
"m3-dense-abba-3","3","dense","100000","190","28537500","59693100","88653100"
"m3-dense-abba-3","3","dense","100000","191","27375600","59726400","87225500"
"m3-dense-abba-3","3","dense","100000","192","29045600","59240400","88403000"
"m3-dense-abba-3","3","dense","100000","193","32239100","60380600","154373900"
"m3-dense-abba-3","3","dense","100000","194","27249100","61494900","98526400"
"m3-dense-abba-3","3","dense","100000","195","28081600","60365100","88558600"
"m3-dense-abba-3","3","dense","100000","196","28231300","59961700","88469500"
"m3-dense-abba-3","3","dense","100000","197","27715300","59994400","87894800"
"m3-dense-abba-3","3","dense","100000","198","27971900","60324600","88558100"
"m3-dense-abba-3","3","dense","100000","199","30088900","60173600","90381100"
"m3-dense-abba-3","3","dense","100000","200","28638800","59642300","88424100"
"m3-dense-abba-3","3","dense","100000","201","31624600","64811200","96570700"
"m3-dense-abba-3","3","dense","100000","202","31399500","68280700","99979200"
"m3-dense-abba-3","3","dense","100000","203","32018200","68277800","100474300"
"m3-dense-abba-3","3","dense","100000","204","32164800","67598900","99885600"
"m3-dense-abba-3","3","dense","100000","205","32519900","67761300","100406000"
"m3-dense-abba-3","3","dense","100000","206","30790200","67325800","98241900"
"m3-dense-abba-3","3","dense","100000","207","30970600","69245400","100339400"
"m3-dense-abba-3","3","dense","100000","208","36634700","69859900","106622300"
"m3-dense-abba-3","3","dense","100000","209","32063900","68367200","144999200"
"m3-dense-abba-3","3","dense","100000","210","31586900","69725000","107842600"
"m3-dense-abba-3","3","dense","100000","211","29443400","70856800","100479100"
"m3-dense-abba-3","3","dense","100000","212","31425800","66450100","98007200"
"m3-dense-abba-3","3","dense","100000","213","32169300","69747400","102047200"
"m3-dense-abba-3","3","dense","100000","214","30009500","69684300","99820100"
"m3-dense-abba-3","3","dense","100000","215","31377300","69366300","100875800"
"m3-dense-abba-3","3","dense","100000","216","32009900","66522300","98652300"
"m3-dense-abba-3","3","dense","100000","217","30324200","68630300","99084600"
"m3-dense-abba-3","3","dense","100000","218","31188900","68568500","99903600"
"m3-dense-abba-3","3","dense","100000","219","31270000","58789000","90213100"
"m3-dense-abba-3","3","dense","100000","220","32562700","68773800","101468400"
"m3-dense-abba-3","3","dense","100000","221","31651800","69376700","101143000"
"m3-dense-abba-3","3","dense","100000","222","31208200","68807800","100135100"
"m3-dense-abba-3","3","dense","100000","223","31352900","70230800","101773800"
"m3-dense-abba-3","3","dense","100000","224","31950800","60040100","92422200"
"m3-dense-abba-3","3","dense","100000","225","28768600","61123500","129128700"
"m3-dense-abba-3","3","dense","100000","226","28517700","60950600","95954500"
"m3-dense-abba-3","3","dense","100000","227","32607900","66972900","99771200"
"m3-dense-abba-3","3","dense","100000","228","32931800","67649300","100700300"
"m3-dense-abba-3","3","dense","100000","229","29270900","61282200","91218700"
"m3-dense-abba-3","3","dense","100000","230","28626000","62999100","91789000"
"m3-dense-abba-3","3","dense","100000","231","32023000","69603500","101877800"
"m3-dense-abba-3","3","dense","100000","232","32487400","68748100","101364800"
"m3-dense-abba-3","3","dense","100000","233","34581500","67832400","102943100"
"m3-dense-abba-3","3","dense","100000","234","34174400","68319200","102696800"
"m3-dense-abba-3","3","dense","100000","235","32578100","71419300","104137100"
"m3-dense-abba-3","3","dense","100000","236","33584500","68738800","102450900"
"m3-dense-abba-3","3","dense","100000","237","32518200","67793600","100432800"
"m3-dense-abba-3","3","dense","100000","238","30099000","63301600","93727900"
"m3-dense-abba-3","3","dense","100000","239","29104300","61504700","90798900"
"m3-dense-abba-3","3","dense","100000","240","29867600","62692100","92737600"
"m3-dense-abba-3","3","dense","100000","241","28968300","61432300","130892700"
"m3-dense-abba-3","3","dense","100000","242","30088200","62278200","99293000"
"m3-dense-abba-3","3","dense","100000","243","29778900","61057900","91058000"
"m3-dense-abba-3","3","dense","100000","244","30566500","61195300","91882400"
"m3-dense-abba-3","3","dense","100000","245","30108800","60163400","90401800"
"m3-dense-abba-3","3","dense","100000","246","29580600","60827100","90587100"
"m3-dense-abba-3","3","dense","100000","247","29211300","61867100","91208100"
"m3-dense-abba-3","3","dense","100000","248","29633800","62685100","92607000"
"m3-dense-abba-3","3","dense","100000","249","29571900","60573700","90350500"
"m3-dense-abba-3","3","dense","100000","250","29865800","61224600","91503400"
"m3-dense-abba-3","3","dense","100000","251","30867000","60328000","91463500"
"m3-dense-abba-3","3","dense","100000","252","28908900","61347700","90393800"
"m3-dense-abba-3","3","dense","100000","253","29436800","63017900","92570200"
"m3-dense-abba-3","3","dense","100000","254","29600400","63592300","93479300"
"m3-dense-abba-3","3","dense","100000","255","29656500","61325100","91155900"
"m3-dense-abba-3","3","dense","100000","256","29590200","62133400","91819100"
"m3-hash-abba-4","4","hash","100000","65","28257500","59871200","116779600"
"m3-hash-abba-4","4","hash","100000","66","26768800","58778900","89582500"
"m3-hash-abba-4","4","hash","100000","67","26588200","57989500","84819000"
"m3-hash-abba-4","4","hash","100000","68","26194900","64734500","91423700"
"m3-hash-abba-4","4","hash","100000","69","27619900","58725400","86472800"
"m3-hash-abba-4","4","hash","100000","70","26836400","58265300","85230800"
"m3-hash-abba-4","4","hash","100000","71","26873700","60279600","87292200"
"m3-hash-abba-4","4","hash","100000","72","26964700","58704400","85797400"
"m3-hash-abba-4","4","hash","100000","73","26632200","58805200","85592900"
"m3-hash-abba-4","4","hash","100000","74","26467400","59629900","86222600"
"m3-hash-abba-4","4","hash","100000","75","26797000","58846100","85791400"
"m3-hash-abba-4","4","hash","100000","76","26945000","58691900","85758000"
"m3-hash-abba-4","4","hash","100000","77","26943700","62077800","89204300"
"m3-hash-abba-4","4","hash","100000","78","26750400","58793600","85673400"
"m3-hash-abba-4","4","hash","100000","79","28031300","59568000","87755000"
"m3-hash-abba-4","4","hash","100000","80","26353600","59971400","86573100"
"m3-hash-abba-4","4","hash","100000","81","27127800","58770500","101443700"
"m3-hash-abba-4","4","hash","100000","82","27833600","61660300","91764700"
"m3-hash-abba-4","4","hash","100000","83","27676600","61235000","89050900"
"m3-hash-abba-4","4","hash","100000","84","29657400","62268000","93172800"
"m3-hash-abba-4","4","hash","100000","85","27887800","60790100","93577600"
"m3-hash-abba-4","4","hash","100000","86","27929800","61264300","89507500"
"m3-hash-abba-4","4","hash","100000","87","27276200","60435900","87835500"
"m3-hash-abba-4","4","hash","100000","88","27451000","60274800","87853300"
"m3-hash-abba-4","4","hash","100000","89","27230400","60959600","88312600"
"m3-hash-abba-4","4","hash","100000","90","28112900","60884900","89118000"
"m3-hash-abba-4","4","hash","100000","91","28127200","60292900","88538900"
"m3-hash-abba-4","4","hash","100000","92","28619400","61065000","89830200"
"m3-hash-abba-4","4","hash","100000","93","26656800","63015800","90134000"
"m3-hash-abba-4","4","hash","100000","94","29409200","62323500","93207600"
"m3-hash-abba-4","4","hash","100000","95","29182100","63832000","94393500"
"m3-hash-abba-4","4","hash","100000","96","28219500","62000100","90576500"
"m3-hash-abba-4","4","hash","100000","97","28342200","62742100","109689900"
"m3-hash-abba-4","4","hash","100000","98","29023100","63763300","94913600"
"m3-hash-abba-4","4","hash","100000","99","29755600","61707500","91580500"
"m3-hash-abba-4","4","hash","100000","100","29880400","61801700","91805900"
"m3-hash-abba-4","4","hash","100000","101","28449000","62567500","91167300"
"m3-hash-abba-4","4","hash","100000","102","28244500","61615300","89977000"
"m3-hash-abba-4","4","hash","100000","103","28537300","62139600","91303300"
"m3-hash-abba-4","4","hash","100000","104","33491600","70493700","109912700"
"m3-hash-abba-4","4","hash","100000","105","29706900","63721700","96275400"
"m3-hash-abba-4","4","hash","100000","106","30296100","63282800","93784300"
"m3-hash-abba-4","4","hash","100000","107","29726800","64519200","94379400"
"m3-hash-abba-4","4","hash","100000","108","30093300","66312400","96538900"
"m3-hash-abba-4","4","hash","100000","109","29946400","63910200","93981900"
"m3-hash-abba-4","4","hash","100000","110","30404600","64994700","95526100"
"m3-hash-abba-4","4","hash","100000","111","30834200","67485400","98438100"
"m3-hash-abba-4","4","hash","100000","112","31434400","64299400","95869300"
"m3-hash-abba-4","4","hash","100000","113","29668700","65940900","120166900"
"m3-hash-abba-4","4","hash","100000","114","30392700","64763000","97429700"
"m3-hash-abba-4","4","hash","100000","115","30300600","64803400","95287900"
"m3-hash-abba-4","4","hash","100000","116","31460700","64352300","95950800"
"m3-hash-abba-4","4","hash","100000","117","29974900","63913700","94038800"
"m3-hash-abba-4","4","hash","100000","118","30607500","64795300","95538200"
"m3-hash-abba-4","4","hash","100000","119","34410200","72537500","107121800"
"m3-hash-abba-4","4","hash","100000","120","34598900","71390600","106319800"
"m3-hash-abba-4","4","hash","100000","121","33685400","66636500","100791300"
"m3-hash-abba-4","4","hash","100000","122","30771400","65241500","98425100"
"m3-hash-abba-4","4","hash","100000","123","29077700","63665200","93843200"
"m3-hash-abba-4","4","hash","100000","124","28809900","62815500","91756400"
"m3-hash-abba-4","4","hash","100000","125","30219900","63086400","93438100"
"m3-hash-abba-4","4","hash","100000","126","28964700","62455700","91719600"
"m3-hash-abba-4","4","hash","100000","127","29281300","62444400","91965800"
"m3-hash-abba-4","4","hash","100000","128","29849500","70460500","100424300"
"m3-hash-abba-4","4","hash","100000","129","34180500","64384300","151664700"
"m3-hash-abba-4","4","hash","100000","130","29312000","63737500","101396000"
"m3-hash-abba-4","4","hash","100000","131","29369200","64584600","94163700"
"m3-hash-abba-4","4","hash","100000","132","33426800","63517200","97469900"
"m3-hash-abba-4","4","hash","100000","133","29212500","63208200","92652600"
"m3-hash-abba-4","4","hash","100000","134","29207400","62923200","92260100"
"m3-hash-abba-4","4","hash","100000","135","29739400","63502600","93860100"
"m3-hash-abba-4","4","hash","100000","136","30566100","64691500","96873200"
"m3-hash-abba-4","4","hash","100000","137","28578700","63192100","92281800"
"m3-hash-abba-4","4","hash","100000","138","28650200","63411700","92194700"
"m3-hash-abba-4","4","hash","100000","139","28981000","63369200","92667100"
"m3-hash-abba-4","4","hash","100000","140","29227500","62746500","92150300"
"m3-hash-abba-4","4","hash","100000","141","28779300","62936600","91896500"
"m3-hash-abba-4","4","hash","100000","142","28753400","63510300","92413500"
"m3-hash-abba-4","4","hash","100000","143","28738300","63309700","92181800"
"m3-hash-abba-4","4","hash","100000","144","30317900","72804900","105914700"
"m3-hash-abba-4","4","hash","100000","145","31764500","70327100","137364400"
"m3-hash-abba-4","4","hash","100000","146","33931800","75890400","114861600"
"m3-hash-abba-4","4","hash","100000","147","31750400","70875900","103117700"
"m3-hash-abba-4","4","hash","100000","148","34581000","75123800","109834700"
"m3-hash-abba-4","4","hash","100000","149","32652700","74510800","107295600"
"m3-hash-abba-4","4","hash","100000","150","33797700","65674200","99619400"
"m3-hash-abba-4","4","hash","100000","151","28828000","62925500","91884100"
"m3-hash-abba-4","4","hash","100000","152","28773200","63814600","92722900"
"m3-hash-abba-4","4","hash","100000","153","28875700","63398100","92390400"
"m3-hash-abba-4","4","hash","100000","154","28133700","63536500","91843500"
"m3-hash-abba-4","4","hash","100000","155","28508400","63773600","92426400"
"m3-hash-abba-4","4","hash","100000","156","29212700","65091900","94932000"
"m3-hash-abba-4","4","hash","100000","157","28485500","63903100","92702600"
"m3-hash-abba-4","4","hash","100000","158","28371700","63039500","91530400"
"m3-hash-abba-4","4","hash","100000","159","28411200","64455300","93065800"
"m3-hash-abba-4","4","hash","100000","160","28877000","67574400","96557700"
"m3-hash-abba-4","4","hash","100000","161","29854400","63713600","121834500"
"m3-hash-abba-4","4","hash","100000","162","28938400","65204800","97904800"
"m3-hash-abba-4","4","hash","100000","163","29650100","64393000","94252300"
"m3-hash-abba-4","4","hash","100000","164","27887900","63951000","91985000"
"m3-hash-abba-4","4","hash","100000","165","28199000","64906900","93439000"
"m3-hash-abba-4","4","hash","100000","166","28102300","66408300","95220000"
"m3-hash-abba-4","4","hash","100000","167","28939700","64713900","94167300"
"m3-hash-abba-4","4","hash","100000","168","29363900","66146800","95912300"
"m3-hash-abba-4","4","hash","100000","169","28469100","64681600","93379000"
"m3-hash-abba-4","4","hash","100000","170","29483600","64858700","94546600"
"m3-hash-abba-4","4","hash","100000","171","28889200","65259000","94305500"
"m3-hash-abba-4","4","hash","100000","172","29686800","64547100","94486700"
"m3-hash-abba-4","4","hash","100000","173","29448200","66167400","95750400"
"m3-hash-abba-4","4","hash","100000","174","29250100","64844900","94226300"
"m3-hash-abba-4","4","hash","100000","175","28874800","64696300","93705800"
"m3-hash-abba-4","4","hash","100000","176","29046500","65721300","94899100"
"m3-hash-abba-4","4","hash","100000","177","28624900","64512400","122389600"
"m3-hash-abba-4","4","hash","100000","178","29248300","66330900","99594000"
"m3-hash-abba-4","4","hash","100000","179","29584100","65083600","94808100"
"m3-hash-abba-4","4","hash","100000","180","28713800","64804500","93864900"
"m3-hash-abba-4","4","hash","100000","181","28453700","63788900","92547000"
"m3-hash-abba-4","4","hash","100000","182","28452300","63368700","92002400"
"m3-hash-abba-4","4","hash","100000","183","30446200","64131600","94922000"
"m3-hash-abba-4","4","hash","100000","184","29463900","64158300","93879300"
"m3-hash-abba-4","4","hash","100000","185","30289300","64069900","94684600"
"m3-hash-abba-4","4","hash","100000","186","29970400","63336900","93472300"
"m3-hash-abba-4","4","hash","100000","187","28951900","63323400","92410100"
"m3-hash-abba-4","4","hash","100000","188","28771000","63299000","92199600"
"m3-hash-abba-4","4","hash","100000","189","29131400","65121500","94984300"
"m3-hash-abba-4","4","hash","100000","190","28859200","63669200","92875800"
"m3-hash-abba-4","4","hash","100000","191","28717900","63458900","92306000"
"m3-hash-abba-4","4","hash","100000","192","29525300","72144000","101787500"
"m3-hash-abba-4","4","hash","100000","193","33336900","63977500","159843700"
"m3-hash-abba-4","4","hash","100000","194","32293200","72638900","116665600"
"m3-hash-abba-4","4","hash","100000","195","32498800","71960800","104587800"
"m3-hash-abba-4","4","hash","100000","196","34163900","72730300","107591800"
"m3-hash-abba-4","4","hash","100000","197","30961700","73011300","104183700"
"m3-hash-abba-4","4","hash","100000","198","31998200","71187900","103388000"
"m3-hash-abba-4","4","hash","100000","199","32456900","68026200","100622600"
"m3-hash-abba-4","4","hash","100000","200","29423400","62978700","92537100"
"m3-hash-abba-4","4","hash","100000","201","28629300","63293800","92061200"
"m3-hash-abba-4","4","hash","100000","202","29097400","64765800","94223800"
"m3-hash-abba-4","4","hash","100000","203","28436400","62902400","91562800"
"m3-hash-abba-4","4","hash","100000","204","28665500","63189400","91990800"
"m3-hash-abba-4","4","hash","100000","205","28708100","64234400","93094400"
"m3-hash-abba-4","4","hash","100000","206","28381200","62716500","91226500"
"m3-hash-abba-4","4","hash","100000","207","28395000","63240800","91759200"
"m3-hash-abba-4","4","hash","100000","208","32239600","74776400","107141100"
"m3-hash-abba-4","4","hash","100000","209","34490300","72436100","152390800"
"m3-hash-abba-4","4","hash","100000","210","28324800","71309200","105088300"
"m3-hash-abba-4","4","hash","100000","211","32544200","71789200","104515400"
"m3-hash-abba-4","4","hash","100000","212","32587000","70817700","103551200"
"m3-hash-abba-4","4","hash","100000","213","34023800","74131100","108281200"
"m3-hash-abba-4","4","hash","100000","214","32128900","73419400","105721100"
"m3-hash-abba-4","4","hash","100000","215","33614700","72361700","106109700"
"m3-hash-abba-4","4","hash","100000","216","32840200","72454300","105441200"
"m3-hash-abba-4","4","hash","100000","217","33984700","73034500","107199700"
"m3-hash-abba-4","4","hash","100000","218","32940100","75799800","108889400"
"m3-hash-abba-4","4","hash","100000","219","33204300","73273800","106637900"
"m3-hash-abba-4","4","hash","100000","220","33480700","73297500","106964800"
"m3-hash-abba-4","4","hash","100000","221","35600300","73396100","109123800"
"m3-hash-abba-4","4","hash","100000","222","33336600","73559700","107016800"
"m3-hash-abba-4","4","hash","100000","223","34970000","73736300","108968000"
"m3-hash-abba-4","4","hash","100000","224","33183800","73770000","107720200"
"m3-hash-abba-4","4","hash","100000","225","30339600","65394600","139473900"
"m3-hash-abba-4","4","hash","100000","226","30569500","67101600","103683100"
"m3-hash-abba-4","4","hash","100000","227","29815100","66252100","96284400"
"m3-hash-abba-4","4","hash","100000","228","29845500","66070600","96042800"
"m3-hash-abba-4","4","hash","100000","229","30607700","64804400","95709000"
"m3-hash-abba-4","4","hash","100000","230","29989300","65858500","96030800"
"m3-hash-abba-4","4","hash","100000","231","30074600","67153500","97435000"
"m3-hash-abba-4","4","hash","100000","232","29523800","64986600","94645200"
"m3-hash-abba-4","4","hash","100000","233","30317300","67299200","97947300"
"m3-hash-abba-4","4","hash","100000","234","30316100","66315000","96808600"
"m3-hash-abba-4","4","hash","100000","235","30193200","66564400","96907900"
"m3-hash-abba-4","4","hash","100000","236","32511400","68381000","101041600"
"m3-hash-abba-4","4","hash","100000","237","31573000","66681300","98387000"
"m3-hash-abba-4","4","hash","100000","238","34496600","76063600","110954300"
"m3-hash-abba-4","4","hash","100000","239","37872700","72965800","111109700"
"m3-hash-abba-4","4","hash","100000","240","35023300","72826400","108121600"
"m3-hash-abba-4","4","hash","100000","241","34363600","68342500","144457200"
"m3-hash-abba-4","4","hash","100000","242","30447100","64930200","100268700"
"m3-hash-abba-4","4","hash","100000","243","30055900","64047300","94302900"
"m3-hash-abba-4","4","hash","100000","244","30306200","64226200","94652900"
"m3-hash-abba-4","4","hash","100000","245","30019600","65154200","95294000"
"m3-hash-abba-4","4","hash","100000","246","30391900","64259000","94855900"
"m3-hash-abba-4","4","hash","100000","247","30298000","64189900","94610700"
"m3-hash-abba-4","4","hash","100000","248","30959500","64625200","95903000"
"m3-hash-abba-4","4","hash","100000","249","30309100","65293700","95780200"
"m3-hash-abba-4","4","hash","100000","250","30444300","64063400","94835000"
"m3-hash-abba-4","4","hash","100000","251","30384700","63081300","93763100"
"m3-hash-abba-4","4","hash","100000","252","30138800","63394200","93675500"
"m3-hash-abba-4","4","hash","100000","253","30133400","64902500","95158800"
"m3-hash-abba-4","4","hash","100000","254","29640000","65737100","95666400"
"m3-hash-abba-4","4","hash","100000","255","30322400","68057600","98571800"
"m3-hash-abba-4","4","hash","100000","256","31083400","64545800","95742400"
